ID,HH,LUGAR_DEL_HECHO,TIPO_DE_CALLE,COMUNA,pos x,pos y,ACUSADO,FECHA_y,AAAA_y,MM_y,DD_y,ROL,VICTIMA_y,SEXO,EDAD
2016-0001,4,AV PIEDRA BUENA Y AV FERNANDEZ DE LA CRUZ,AVENIDA,8,-58.47533969,-34.68757022,AUTO,1/1/2016,2016,1,1,CONDUCTOR,MOTO,MASCULINO,19
2016-0002,1,AV GRAL PAZ  Y AV DE LOS CORRALES,GRAL PAZ,9,-58.50877521,-34.66977709,PASAJEROS,1/2/2016,2016,1,2,CONDUCTOR,AUTO,MASCULINO,70
2016-0003,7,AV ENTRE RIOS 2034,AVENIDA,1,-58.39040293,-34.63189362,AUTO,1/3/2016,2016,1,3,CONDUCTOR,MOTO,MASCULINO,30
2016-0004,0,AV LARRAZABAL Y GRAL VILLEGAS CONRADO,AVENIDA,8,-58.46503904,-34.68092974,AUTO,1/10/2016,2016,1,10,CONDUCTOR,MOTO,MASCULINO,18
2016-0005,5,AV SAN JUAN Y PRESIDENTE LUIS SAENZ PEÑA ,AVENIDA,1,-58.38718297,-34.6224663,PASAJEROS,1/21/2016,2016,1,21,CONDUCTOR,MOTO,MASCULINO,29
2016-0008,18,AV 27 DE FEBRERO Y AV ESCALADA,AVENIDA,8,-58.44451316,-34.68475866,OBJETO FIJO,1/24/2016,2016,1,24,CONDUCTOR,MOTO,MASCULINO,30
2016-0009,19,NOGOYA Y JOAQUIN V. GONZALES,CALLE,11,-58.50095869,-34.6082544,AUTO,1/24/2016,2016,1,24,PASAJERO_ACOMPAÑANTE,MOTO,MASCULINO,29
2016-0010,15,AV GENERAL PAZ Y AV DE LOS CORRALES,GRAL PAZ,9,-58.50877521,-34.66977709,AUTO,1/29/2016,2016,1,29,CONDUCTOR,MOTO,MASCULINO,18
2016-0012,1,AV BELGRANO Y BERNARDO DE IRIGOYEN,AVENIDA,1,-58.38048577,-34.61303893,CARGAS,2/8/2016,2016,2,8,CONDUCTOR,MOTO,MASCULINO,22
2016-0013,11,AV ENTRE RIOS 1366,AVENIDA,1,-58.39114932,-34.62477387,AUTO,2/10/2016,2016,2,10,PEATON,PEATON,MASCULINO,16
2016-0015,5,AV SCALABRINI ORTIZ Y VERA,AVENIDA,15,-58.4376002,-34.59912758,AUTO,2/14/2016,2016,2,14,PEATON,PEATON,FEMENINO,16
2016-0016,22,AV REGIMIENTO DE PATRICIOS Y QUINQUELA MARTIN BENITO,AVENIDA,4,-58.36882665,-34.64291993,AUTO,2/14/2016,2016,2,14,PASAJERO_ACOMPAÑANTE,MOTO,FEMENINO,19
2016-0017,16,MARIANO ACOSTA Y ANA MARIA JANER,AVENIDA,8,-58.44989671,-34.65970435,MOTO,2/15/2016,2016,2,15,PEATON,PEATON,MASCULINO,59
2016-0019,9,LISANDRO DE LA TORRE Y SEVERO GARCIA GRANDE DE ZEQUEIRA ,CALLE,9,-58.50990884,-34.65468721,PASAJEROS,2/17/2016,2016,2,17,PEATON,PEATON,FEMENINO,65
2016-0020,16,SUIPACHA 156,CALLE,1,-58.37952223,-34.60653282,AUTO,2/17/2016,2016,2,17,PEATON,PEATON,MASCULINO,59
2016-0021,23,AV DIRECTORIO Y CURAPALIGUE,AVENIDA,7,-58.45157703,-34.63063795,AUTO,2/17/2016,2016,2,17,CONDUCTOR,AUTO,MASCULINO,34
2016-0022,6,AV 9 DE JULIO Y ADOLFO ALSINA,AVENIDA,1,-58.38144696,-34.61079875,AUTO,2/21/2016,2016,2,21,PASAJERO_ACOMPAÑANTE,MOTO,MASCULINO,41
2016-0025,4,AV GRAL PAZ Y AV 27 DE FEBRERO,GRAL PAZ,8,-58.46244952,-34.70524971,AUTO,2/28/2016,2016,2,28,PASAJERO_ACOMPAÑANTE,AUTO,MASCULINO,34
2016-0026,7,HOLMBERG Y VEDIA,CALLE,12,-58.49216191,-34.54738649,OBJETO FIJO,2/28/2016,2016,2,28,CONDUCTOR,AUTO,MASCULINO,30
2016-0027,9,CURAPALIGUE Y AVELINO DIAZ,AVENIDA,7,-58.44497874,-34.63852623,AUTO,2/28/2016,2016,2,28,PASAJERO_ACOMPAÑANTE,AUTO,MASCULINO,34
2016-0028,10,VIAMONTE Y AV 9 DE JULIO,AVENIDA,1,-58.38199706,-34.60028648,CARGAS,3/2/2016,2016,3,2,PEATON,PEATON,MASCULINO,50
2016-0029,17,AV CABILDO Y DEHEZA,AVENIDA,12,-58.47378664,-34.54153077,PASAJEROS,3/4/2016,2016,3,4,PEATON,PEATON,MASCULINO,38
2016-0031,12,AV GRAL PAZ Y AV CNEL ROCA,GRAL PAZ,8,-58.47064556,-34.69843756,PASAJEROS,3/8/2016,2016,3,8,CONDUCTOR,MOTO,MASCULINO,21
2016-0034,12,AV AMANCIO ALCORTA Y BONAVENA,AVENIDA,4,-58.40623949,-34.65076549,PASAJEROS,3/12/2016,2016,3,12,PEATON,PEATON,MASCULINO,52
2016-0035,6,AV CORRIENTES Y AV CALLAO,AVENIDA,3,-58.39228965,-34.60443527,PASAJEROS,3/13/2016,2016,3,13,CONDUCTOR,MOTO,MASCULINO,34
2016-0036,0,HERRERA Y ARISTOBULO DEL VALLE,CALLE,4,-58.37813396,-34.63668504,PASAJEROS,3/14/2016,2016,3,14,PASAJERO_ACOMPAÑANTE,MOTO,MASCULINO,36
2016-0037,11,AV. EVA PERON Y QUIRNO,AVENIDA,7,-58.46275892,-34.64358293,MOTO,3/19/2016,2016,3,19,CONDUCTOR,MOTO,MASCULINO,20
2016-0038,8,AV GRAL PAZ COLECTORA Y ZUVIRIA,GRAL PAZ,8,-58.49683458,-34.67892743,PASAJEROS,3/21/2016,2016,3,21,PEATON,PEATON,MASCULINO,29
2016-0039,1,BARTOLOME MITRE Y AV PUEYRREDON,AVENIDA,3,-58.40603217,-34.6088396,PASAJEROS,3/23/2016,2016,3,23,CONDUCTOR,MOTO,MASCULINO,20
2016-0041,11,AV DIRECTORIO Y RIVERA INDARTE,AVENIDA,7,-58.4607655,-34.63350444,CARGAS,3/29/2016,2016,3,29,CONDUCTOR,MOTO,MASCULINO,54
2016-0041,11,AV DIRECTORIO Y RIVERA INDARTE,AVENIDA,7,-58.4607655,-34.63350444,CARGAS,3/29/2016,2016,3,29,PASAJERO_ACOMPAÑANTE,MOTO,MASCULINO,30
2016-0043,18,DELLEPIANE LUIS TTE GRAL COLECTORA Y MURGUIONDO,AVENIDA,8,-58.47832463,-34.67494416,CARGAS,3/30/2016,2016,3,30,PEATON,PEATON,FEMENINO,56
2016-0044,19,AV JOSE MARIA MORENO Y BALBASTRO,AVENIDA,7,-58.43213235,-34.63693953,MULTIPLE,3/31/2016,2016,3,31,CONDUCTOR,MOTO,MASCULINO,24
2016-0045,10,AV GRAL PAZ Y AV DEL LIBERTADOR,GRAL PAZ,13,-58.46743471,-34.53476874,AUTO,4/11/2016,2016,4,11,CONDUCTOR,MOTO,MASCULINO,30
2016-0047,5,LIMA 1483,CALLE,1,-58.38247061,-34.62571878,PASAJEROS,4/15/2016,2016,4,15,PEATON,PEATON,MASCULINO,41
2016-0048,17,AV. CORRIENTES Y AV. DORREGO,AVENIDA,15,-58.44759966,-34.5917024,PASAJEROS,4/15/2016,2016,4,15,PEATON,PEATON,FEMENINO,30
2016-0049,0,"AUTOPISTA 1 SUR PRESIDENTE ARTURO FRONDIZI KM. 0,700",AUTOPISTA,4,-58.37714647568196,-34.63657525428238,AUTO,4/17/2016,2016,4,17,CONDUCTOR,MOTO,MASCULINO,30
2016-0050,9,TIMOTEO GORDILLO Y AV FERNANDEZ DE LA CRUZ,AVENIDA,8,-58.47305463,-34.68550712,PASAJEROS,4/19/2016,2016,4,19,PEATON,PEATON,MASCULINO,78
2016-0051,4,AV AMANCIO ALCORTA Y BONAVENA,AVENIDA,4,-58.40623949,-34.65076549,CARGAS,4/20/2016,2016,4,20,CONDUCTOR,MOTO,MASCULINO,36
2016-0052,20,AUTOPISTA LUGONES PK 10000,AUTOPISTA,13,-58.441664463445676,-34.61969973512046,AUTO,4/20/2016,2016,4,20,CONDUCTOR,MOTO,MASCULINO,30
2016-0053,9,AV TRIUNVIRATO Y AV OLAZABAL,AVENIDA,12,-58.4842918,-34.57558053,PASAJEROS,4/22/2016,2016,4,22,PEATON,PEATON,MASCULINO,38
2016-0054,21,AU LUIS DELLEPIANE Y AV GRAL PAZ,AUTOPISTA,8,-58.48695354,-34.68795245,MOTO,4/23/2016,2016,4,23,CONDUCTOR,MOTO,MASCULINO,30
2016-0055,20,RAMON CASTILLA Y AV FIGUEROA ALCORTA,AVENIDA,14,-58.40021959,-34.57964781,CARGAS,4/25/2016,2016,4,25,PEATON,PEATON,MASCULINO,79
2016-0056,4,AV LUIS MARIA CAMPOS 30,AVENIDA,14,-58.42957885,-34.57660058,OBJETO FIJO,4/26/2016,2016,4,26,CONDUCTOR,MOTO,MASCULINO,26
2016-0058,14,LIMA 1471,CALLE,1,-58.38247542,-34.62556293,MOTO,5/4/2016,2016,5,4,PEATON,PEATON,FEMENINO,57
2016-0059,16,PASAJE CIUDADELA Y LIMA OESTE,CALLE,1,-58.38222219,-34.62728101,PASAJEROS,5/8/2016,2016,5,8,PEATON,PEATON,MASCULINO,37
2016-0064,18,AV JUAN B JUSTO Y AV CARRASCO,AVENIDA,10,-58.49485242,-34.62953445,PASAJEROS,5/14/2016,2016,5,14,PEATON,PEATON,MASCULINO,20
2016-0065,14,AV GAONA Y ESPINOSA,AVENIDA,6,-58.45227946,-34.61068024,AUTO,5/20/2016,2016,5,20,PEATON,PEATON,MASCULINO,20
2016-0067,17,AV LISANDRO DE LA TORRE Y SARAZA,AVENIDA,8,-58.48455411,-34.6751276,PASAJEROS,5/21/2016,2016,5,21,PASAJERO_ACOMPAÑANTE,MOTO,FEMENINO,30
2016-0068,22,AV FIGUEROA ALCORTA Y AV PUEYRREDON,AVENIDA,2,-58.39056593,-34.58418569,PASAJEROS,5/22/2016,2016,5,22,CONDUCTOR,MOTO,MASCULINO,58
2016-0069,3,AV ENTRE RIOS Y PASAJE FILIBERTO,AVENIDA,3,-58.39118948,-34.62704273,CARGAS,5/23/2016,2016,5,23,CONDUCTOR,AUTO,MASCULINO,30
2016-0073,15,MAGARIÑOS CERVANTES 3900,CALLE,10,-58.49021952,-34.62025108,CARGAS,6/11/2016,2016,6,11,CONDUCTOR,MOTO,MASCULINO,23
2016-0074,6,AV GRAL PAZ Y RODOLFO SCAPINO,GRAL PAZ,8,-58.49896559,-34.67732118,AUTO,6/12/2016,2016,6,12,CONDUCTOR,AUTO,MASCULINO,60
2016-0075,23,AUTOPISTA DELLEPIANE LUIS TTE GRAL Y MIRALLA,AUTOPISTA,8,-58.47461076,-34.66874679,AUTO,6/12/2016,2016,6,12,PEATON,PEATON,MASCULINO,42
2016-0076,16,AV SAN MARTIN Y CAMARONES,AVENIDA,15,-58.46210891,-34.60356211,PASAJEROS,6/13/2016,2016,6,13,PEATON,PEATON,FEMENINO,53
2016-0077,21,TTEG JUAN D PERON Y AVDA LEANDRO N ALEM,AVENIDA,1,-58.3702777,-34.60536123,PASAJEROS,6/13/2016,2016,6,13,PEATON,PEATON,FEMENINO,30
2016-0078,23,AV BELGRANO Y AV JUJUY,AVENIDA,3,-58.40491455,-34.6146383,MOTO,6/13/2016,2016,6,13,CONDUCTOR,MOTO,MASCULINO,30
2016-0079,17,AV DEL LIBERTADOR Y AV GUILLERMO UDAONDO,AVENIDA,13,-58.45504154,-34.54864492,AUTO,6/16/2016,2016,6,16,CONDUCTOR,AUTO,FEMENINO,51
2016-0080,6,AV GRAL PAZ Y AV RIVADAVIA,GRAL PAZ,9,-58.52927982,-34.63931752,AUTO,6/18/2016,2016,6,18,CONDUCTOR,AUTO,MASCULINO,60
2016-0081,7,AV CRISOLOGO LARRALDE Y MACHAIN,AVENIDA,12,-58.4872106,-34.55904606,AUTO,6/22/2016,2016,6,22,CONDUCTOR,MOTO,MASCULINO,40
2016-0082,18,AV LA PLATA 2384,AVENIDA,4,-58.42273092,-34.64228803,AUTO,6/27/2016,2016,6,27,PEATON,PEATON,MASCULINO,87
2016-0083,20,AV JUAN B ALBERDI Y PUAN,AVENIDA,6,-58.44788671,-34.62539009,MOTO,6/28/2016,2016,6,28,PEATON,PEATON,FEMENINO,76
2016-0084,22,CARLOS PELLEGRINI Y TUCUMAN,CALLE,1,-58.38110563,-34.60135531,PASAJEROS,6/29/2016,2016,6,29,PEATON,PEATON,MASCULINO,57
2016-0085,22,AVDA ITE FRANCISCO RABANAL & AVDA EREZCANO,AVENIDA,4,-58.42378834,-34.657341,OTRO,6/29/2016,2016,6,29,CONDUCTOR,MOTO,MASCULINO,30
2016-0086,16,AV OLIVERA Y RAMON FALCON,AVENIDA,10,-58.48727942,-34.63652467,PASAJEROS,6/30/2016,2016,6,30,PEATON,PEATON,MASCULINO,75
2016-0087,0,AUTOPISTA 1 SUR PTE ARTURO FRONDIZI Y AV CASEROS,AUTOPISTA,1,-58.37864583,-34.62907067,OBJETO FIJO,7/3/2016,2016,7,3,CONDUCTOR,MOTO,MASCULINO,23
2016-0088,15,CERETTI Y NUÑEZ,CALLE,12,-58.5015175,-34.56767549,AUTO,7/11/2016,2016,7,11,PEATON,PEATON,FEMENINO,70
2016-0089,6,AV LUGONES Y LA PAMPA,AUTOPISTA,13,-58.43233425,-34.55185825,AUTO,7/14/2016,2016,7,14,PEATON,PEATON,MASCULINO,35
2016-0090,22,JERONIMO SALGUERO Y AV RIVADAVIA,AVENIDA,5,-58.41971993,-34.6111224,PASAJEROS,7/14/2016,2016,7,14,PEATON,PEATON,MASCULINO,60
2016-0092,11,AV GRAL PAZ Y AV LIBERTADOR ,GRAL PAZ,13,-58.46743471,-34.53476874,CARGAS,7/15/2016,2016,7,15,CONDUCTOR,MOTO,MASCULINO,24
2016-0093,3,AV JUAN B ALBERDI Y EMILIO MITRE,AVENIDA,6,-58.44362126,-34.62301748,AUTO,7/17/2016,2016,7,17,CONDUCTOR,AUTO,MASCULINO,35
2016-0095,6,MERCEDES Y AV GRAL MOSCONI,AVENIDA,11,-58.51713095,-34.59546519,AUTO,7/23/2016,2016,7,23,CONDUCTOR,MOTO,MASCULINO,29
2016-0096,7,"AUTOPISTA DELLEPIANE LUIS TTE. GRAL. KM. 2,3",AUTOPISTA,8,-58.47433193007387,-34.66684950051973,CARGAS,7/25/2016,2016,7,25,CONDUCTOR,MOTO,MASCULINO,30
2016-0097,18,SOLIS Y MEXICO,CALLE,1,-58.39038605,-34.6156281,AUTO,7/26/2016,2016,7,26,PEATON,PEATON,MASCULINO,80
2016-0098,16,AV SAN JUAN Y ALBERTI,AVENIDA,3,-58.40042405,-34.62356174,CARGAS,7/27/2016,2016,7,27,CONDUCTOR,MOTO,FEMENINO,43
2016-0099,16,AV GRAL MOSCONI Y AV GRAL PAZ,GRAL PAZ,11,-58.52340614,-34.59798754,CARGAS,7/29/2016,2016,7,29,CONDUCTOR,CARGAS,MASCULINO,45
2016-0100,23,AV GRAL PAZ  Y DONADO,GRAL PAZ,12,-58.49491054,-34.54795581,OBJETO FIJO,8/3/2016,2016,8,3,CONDUCTOR,MOTO,MASCULINO,57
2016-0101,19,AV GRAL PAZ Y JORGE CHAVEZ,GRAL PAZ,9,-58.52932872,-34.65014993,AUTO,8/7/2016,2016,8,7,CONDUCTOR,MOTO,MASCULINO,67
2016-0102,23,AV EVA PERON Y JOSE LEON SUAREZ,AVENIDA,9,-58.50011639,-34.67316502,CARGAS,8/10/2016,2016,8,10,CONDUCTOR,MOTO,MASCULINO,29
2016-0104,21,ZINNY Y AV SANTIAGO DE COMPOSTELA,AVENIDA,9,-58.46635001,-34.65624369,PASAJEROS,8/14/2016,2016,8,14,CONDUCTOR,MOTO,MASCULINO,21
2016-0105,0,AV FEDERICO LACROZE Y FRAGA,AVENIDA,15,-58.45343236,-34.58435809,PASAJEROS,8/17/2016,2016,8,17,PEATON,PEATON,MASCULINO,19
2016-0106,21,CARLOS PELLEGRINI Y AV DEL LIBERTADOR,AVENIDA,1,-58.38090932,-34.58927731,PASAJEROS,8/19/2016,2016,8,19,PEATON,PEATON,MASCULINO,38
2016-0107,8,AUTOPISTA 9 DE JULIO SUR ALT AV MENDOZA,AUTOPISTA,4,-58.37157668,-34.65429986,AUTO,8/20/2016,2016,8,20,CONDUCTOR,MOTO,MASCULINO,21
2016-0109,5,AUTOPISTA PERITO MORENO Y BARRAGAN,AUTOPISTA,9,-58.52280139,-34.63659934,OBJETO FIJO,8/24/2016,2016,8,24,CONDUCTOR,AUTO,FEMENINO,53
2016-0110,20,AV ALBERDI Y CARHUE,AVENIDA,9,-58.51232237,-34.6590353,AUTO,8/24/2016,2016,8,24,PEATON,PEATON,MASCULINO,57
2016-0111,9,AUTOPISTA LEOPOLDO LUGONES Y LA PAMPA,AUTOPISTA,15,-58.47461905,-34.57663634,CARGAS,8/25/2016,2016,8,25,CONDUCTOR,MOTO,MASCULINO,27
2016-0112,4,AUTOPISTA 25 DE MAYO AUTOPISTA 1 SUR ARTURO FRONDIZI,AUTOPISTA,1,-58.38268809,-34.62282019,OBJETO FIJO,8/27/2016,2016,8,27,CONDUCTOR,MOTO,MASCULINO,24
2016-0113,16,AV JUAN BAUTISTA ALBERDI Y GUARDIA NACIONAL,AVENIDA,9,-58.49603546,-34.64564271,PASAJEROS,8/27/2016,2016,8,27,PEATON,PEATON,FEMENINO,60
2016-0114,11,SALGUERO 1410,CALLE,14,-58.41848605,-34.59394733,CARGAS,8/31/2016,2016,8,31,CICLISTA,BICICLETA,FEMENINO,55
2016-0115,11,ARIAS Y TRONADOR,CALLE,12,-58.48935041,-34.54917673,CARGAS,9/2/2016,2016,9,2,CONDUCTOR,MOTO,MASCULINO,30
2016-0116,20,AV 27 DE FEBRERO Y AV ESCALADA,AVENIDA,8,-58.44451316,-34.68475866,AUTO,9/2/2016,2016,9,2,CONDUCTOR,MOTO,MASCULINO,30
2016-0117,15,AV DEL LIBERTADOR Y TAGLE,AVENIDA,14,-58.39936478,-34.58271474,AUTO,9/3/2016,2016,9,3,CONDUCTOR,AUTO,MASCULINO,43
2016-0118,3,AUTOPISTA 1 SUR PTE ARTURO FRONDIZI KM 2.9,AUTOPISTA,1,-58.37936704,-34.62694503,AUTO,9/4/2016,2016,9,4,CONDUCTOR,AUTO,MASCULINO,27
2016-0119,6,CRISOLOGO LARRALDE Y AVDA TRIUNVIRATO,AVENIDA,12,-58.49659234,-34.56353635,AUTO,9/4/2016,2016,9,4,PASAJERO_ACOMPAÑANTE,MOTO,FEMENINO,30
2016-0122,7,AV EVA PERON 4233,AVENIDA,9,-58.47256391,-34.65194557,PASAJEROS,9/13/2016,2016,9,13,CICLISTA,BICICLETA,MASCULINO,49
2016-0123,9,AV ASAMBLEA Y AV CNEL ESTEBAN BONORINO,AVENIDA,7,-58.45130953,-34.64053676,AUTO,9/14/2016,2016,9,14,CONDUCTOR,MOTO,FEMENINO,58
2016-0124,15,AVDA RIVADAVIA Y RIVERA INDARTE,AVENIDA,7,-58.46271207,-34.62884871,PASAJEROS,9/16/2016,2016,9,16,PEATON,PEATON,MASCULINO,67
2016-0125,12,AUTOPISTA PERITO MORENO Y AV JUAN B ALBERDI,AUTOPISTA,10,-58.49020869,-34.64243791,MOTO,9/17/2016,2016,9,17,CONDUCTOR,MOTO,MASCULINO,30
2016-0126,22,IRIGOYEN Y TINOGASTA,CALLE,10,-58.52572109,-34.62125906,CARGAS,9/18/2016,2016,9,18,CONDUCTOR,AUTO,MASCULINO,37
2016-0126,22,IRIGOYEN Y TINOGASTA,CALLE,10,-58.52572109,-34.62125906,CARGAS,9/18/2016,2016,9,18,PASAJERO_ACOMPAÑANTE,AUTO,MASCULINO,60
2016-0127,10,AV MARIANO ACOSTA Y AV CNEL ROCA,AVENIDA,8,-58.44094791,-34.66677111,PASAJEROS,9/24/2016,2016,9,24,PEATON,PEATON,MASCULINO,50
2016-0128,11,CASTRO Y AV PAVON,AVENIDA,5,-58.41914024,-34.6305389,PASAJEROS,10/2/2016,2016,10,2,PEATON,PEATON,FEMENINO,81
2016-0130,12,AUTOPISTA 9 DE JULIO SUR Y AV BRASIL,AUTOPISTA,1,-58.37910942,-34.62764717,CARGAS,10/4/2016,2016,10,4,CONDUCTOR,MOTO,MASCULINO,29
2016-0131,19,MIRAVE 3500,CALLE,4,-58.39871183,-34.64539318,AUTO,10/9/2016,2016,10,9,PEATON,PEATON,MASCULINO,35
2016-0132,2,AV SAN JUAN Y 24 DE NOVIEMBRE,AVENIDA,3,-58.41036975,-34.62477021,PASAJEROS,10/10/2016,2016,10,10,PASAJERO_ACOMPAÑANTE,AUTO,MASCULINO,30
2016-0133,0,AV LAS HERAS Y SANCHEZ DE BUSTAMANTE,AVENIDA,14,-58.40204698,-34.5834269,AUTO,10/14/2016,2016,10,14,CONDUCTOR,MOTO,MASCULINO,41
2016-0134,5,AV PIEDRA BUENA Y 2 DE ABRIL 1982,AVENIDA,8,-58.48935287,-34.67648597,OBJETO FIJO,10/23/2016,2016,10,23,CONDUCTOR,MOTO,MASCULINO,25
2016-0135,5,AV FIGUEROA ALCORTA  Y PINEDO,AVENIDA,14,-58.42260225,-34.56403694,AUTO,10/24/2016,2016,10,24,PEATON,PEATON,MASCULINO,29
2016-0136,0,AU BUENOS AIRES - LA PLATA KM. 4,AUTOPISTA,4,-58.441664463445676,-34.61969973512046,CARGAS,10/25/2016,2016,10,25,CONDUCTOR,MOTO,MASCULINO,30
2016-0137,0,AV SAN MARTIN Y LADINES,AVENIDA,11,-58.51537091,-34.59035925,MOTO,10/25/2016,2016,10,25,CONDUCTOR,MOTO,MASCULINO,30
2016-0138,20,AV CABILDO Y BLANCO ENCALADA,AVENIDA,13,-58.4590967,-34.55922742,CARGAS,10/27/2016,2016,10,27,CICLISTA,BICICLETA,FEMENINO,33
2016-0139,23,AV PRESIDENTE FIGUEROA ALCORTA Y AV DORREGO,AVENIDA,14,-58.42008769,-34.56539579,MOTO,10/28/2016,2016,10,28,PASAJERO_ACOMPAÑANTE,MOTO,FEMENINO,35
2016-0140,2,AV JURAMENTO Y VUELTA DE OBLIGADO,AVENIDA,13,-58.45566399,-34.56147293,PASAJEROS,10/31/2016,2016,10,31,PASAJERO_ACOMPAÑANTE,PASAJEROS,MASCULINO,20
2016-0142,23,AV DEL LIBERTADOR Y AV RAMOS MEJIA,AVENIDA,1,-58.37533517,-34.59276462,PASAJEROS,11/5/2016,2016,11,5,CONDUCTOR,MOTO,MASCULINO,46
2016-0143,4,AV 27 DE FEBRERO Y AV ESCALADA,AVENIDA,8,-58.44451316,-34.68475866,AUTO,11/6/2016,2016,11,6,CONDUCTOR,MOTO,MASCULINO,35
2016-0144,12,AV. ALTE. BROWN 984,AVENIDA,4,-58.35975012,-34.63343907,PASAJEROS,11/7/2016,2016,11,7,PEATON,PEATON,MASCULINO,83
2016-0145,20,AV DEL LIBERTADOR Y LA PAMPA,AVENIDA,13,-58.44523595,-34.55953855,AUTO,11/7/2016,2016,11,7,CONDUCTOR,MOTO,MASCULINO,39
2016-0146,20,PICHINCHA Y AV BRASIL,AVENIDA,4,-58.39626094,-34.63036565,PASAJEROS,11/9/2016,2016,11,9,PEATON,PEATON,FEMENINO,29
2016-0147,21,AV INDEPENDENCIA Y VIRREY CEVALLOS,AVENIDA,1,-58.38896772,-34.61799615,PASAJEROS,11/16/2016,2016,11,16,PASAJERO_ACOMPAÑANTE,MOVIL,MASCULINO,55
2016-0148,22,AV GARMENDIA 4895,AVENIDA,15,-58.46536113,-34.59484504,MOTO,11/16/2016,2016,11,16,CONDUCTOR,MOTO,MASCULINO,30
2016-0150,18,AV AMANCIO ALCORTA Y DIOGENES TABORDA,AVENIDA,4,-58.40879146,-34.65273216,CARGAS,11/18/2016,2016,11,18,PASAJERO_ACOMPAÑANTE,CARGAS,MASCULINO,41
2016-0151,20,AV 27 DE FEBRERO Y AV ESCALADA,CALLE,0,-58.441664463445676,-34.61969973512046,AUTO,11/18/2016,2016,11,18,PEATON,PEATON,MASCULINO,30
2016-0152,21,AV PERITO MORENO Y ZUVIRIA,AVENIDA,7,-58.46451841,-34.64991946,AUTO,11/23/2016,2016,11,23,CONDUCTOR,MOTO,MASCULINO,42
2016-0153,15,ARAOZ Y AV CORDOBA,AVENIDA,15,-58.4291709,-34.59485488,MOTO,11/25/2016,2016,11,25,PEATON,PEATON,FEMENINO,83
2016-0154,14,AV GRAL PAZ 15200,GRAL PAZ,8,-58.49007772,-34.68251141,MOTO,11/26/2016,2016,11,26,CONDUCTOR,MOTO,MASCULINO,38
2016-0155,16,MADERO 900,CALLE,10,-58.52756365,-34.62772274,AUTO,11/26/2016,2016,11,26,PEATON,PEATON,FEMENINO,29
2016-0156,19,AV INDEPENDENCIA Y DEAN FUNES,AVENIDA,3,-58.40638983,-34.61943202,PASAJEROS,11/26/2016,2016,11,26,CONDUCTOR,MOTO,MASCULINO,23
2016-0157,6,AV JUAN B JUSTO 5645,AVENIDA,11,-58.47576807,-34.61740997,MOTO,12/3/2016,2016,12,3,CONDUCTOR,MOTO,MASCULINO,23
2016-0159,7,AV 27 DE FEBRERO Y AV ESCALADA,AVENIDA,8,-58.44451316,-34.68475866,AUTO,12/4/2016,2016,12,4,CONDUCTOR,AUTO,MASCULINO,23
2016-0160,5,AUTOPISTA PERITO MORENO ALTURA VELZ,AUTOPISTA,9,-58.51927194,-34.63635787,OBJETO FIJO,12/6/2016,2016,12,6,CONDUCTOR,CARGAS,MASCULINO,29
2016-0161,7,AV SANTA FE Y GODOY CRUZ,AVENIDA,14,-58.42525456,-34.57866344,PASAJEROS,12/6/2016,2016,12,6,PEATON,PEATON,MASCULINO,50
2016-0162,5,AV FEDERICO LACROZE Y AV FOREST,AVENIDA,15,-58.45396573,-34.58518167,AUTO,12/7/2016,2016,12,7,PEATON,PEATON,MASCULINO,38
2016-0163,7,AV GRAL PAZ Y AV GENERAL MOSCONI,GRAL PAZ,11,-58.52340614,-34.59798754,AUTO,12/10/2016,2016,12,10,CONDUCTOR,MOTO,MASCULINO,23
2016-0164,6,AV LA PLATA Y CNEL GREGORIO POMAR,AVENIDA,4,-58.42323628,-34.64119105,AUTO,12/11/2016,2016,12,11,CONDUCTOR,AUTO,MASCULINO,29
2016-0165,8,AV MARTIN GARCIA 300,AVENIDA,4,-58.36926144,-34.62841919,PASAJEROS,12/12/2016,2016,12,12,CICLISTA,BICICLETA,MASCULINO,37
2016-0168,10,AV LA PLATA Y CNEL GREGORIO POMAR,AVENIDA,4,-58.42323628,-34.64119105,AUTO,12/13/2016,2016,12,13,CONDUCTOR,MOTO,MASCULINO,43
2016-0169,15,NUÑEZ Y AV RICARDO BALBIN,AVENIDA,12,-58.47935434,-34.55676497,PASAJEROS,12/15/2016,2016,12,15,CONDUCTOR,MOTO,MASCULINO,24
2016-0170,17,AV GRAL PAZ 4500,GRAL PAZ,12,-58.50598256,-34.5637998,AUTO,12/19/2016,2016,12,19,PASAJERO_ACOMPAÑANTE,MOTO,MASCULINO,21
2016-0171,19,AU BUENOS AIRES - LA PLATA Y AU 25 DE MAYO,AUTOPISTA,1,-58.36607137,-34.62150748,MOTO,12/25/2016,2016,12,25,CONDUCTOR,MOTO,MASCULINO,30
2016-0172,8,AV GARAY Y CASTRO,AVENIDA,5,-58.41918902,-34.63174259,CARGAS,12/26/2016,2016,12,26,CONDUCTOR,MOTO,MASCULINO,38
2016-0173,19,AV DIRECTORIO Y AV SAN PEDRITO,AVENIDA,7,-58.46749188,-34.63551751,CARGAS,12/26/2016,2016,12,26,CONDUCTOR,MOTO,MASCULINO,35
2016-0174,0,AUTOPISTA 25 DE MAYO,AUTOPISTA,0,-58.441664463445676,-34.61969973512046,AUTO,12/27/2016,2016,12,27,CONDUCTOR,MOTO,MASCULINO,30
2016-0175,8,CNEL RAMON L FALCON Y MEMBRILLAR,CALLE,7,-58.46064174,-34.62960517,BICICLETA,12/27/2016,2016,12,27,PEATON,PEATON,FEMENINO,30
2016-0176,1,AV BELGRANO Y AV PASEO COLON,AVENIDA,1,-58.36956186,-34.61232875,PASAJEROS,12/28/2016,2016,12,28,CONDUCTOR,MOTO,MASCULINO,28
2016-0177,4,ARENALES 3319,CALLE,14,-58.40966671,-34.58788235,AUTO,12/29/2016,2016,12,29,PEATON,PEATON,FEMENINO,27
2016-0178,16,REPUBLICA BOLIVARIANA DE VENEZUELA Y SAAVEDRA,CALLE,3,-58.40288226,-34.61544091,MULTIPLE,12/30/2016,2016,12,30,PEATON,PEATON,FEMENINO,7
2017-0001,1,AV. JUAN B JUSTO Y ACHUPALLAS,AVENIDA,11,-58.4659423,-34.61028571,CARGAS,1/2/2017,2017,1,2,CONDUCTOR,MOTO,MASCULINO,18
2017-0003,3,OLAVARRIA Y AV. VELEZ SARSFIELD,AVENIDA,4,-58.38957669,-34.64410277,CARGAS,1/5/2017,2017,1,5,PASAJERO_ACOMPAÑANTE,CARGAS,MASCULINO,33
2017-0007,17,LIMA Y MEXICO,CALLE,1,-58.3816166,-34.61529543,MULTIPLE,1/11/2017,2017,1,11,PEATON,PEATON,MASCULINO,48
2017-0008,0,JOSE A CABRERA Y BONPLAND,CALLE,14,-58.43917004,-34.58494351,PASAJEROS,1/16/2017,2017,1,16,CONDUCTOR,MOTO,MASCULINO,29
2017-0009,13,AU 25 DE MAYO Y AV. BOEDO,AUTOPISTA,5,-58.41595919,-34.62743346,CARGAS,1/16/2017,2017,1,16,CONDUCTOR,MOTO,MASCULINO,36
2017-0010,16,AV. DIRECTORIO Y RIGLOS,AVENIDA,6,-58.4356488,-34.62828656,AUTO,1/16/2017,2017,1,16,CONDUCTOR,MOTO,MASCULINO,23
2017-0011,2,AV. GRAL. PAZ Y AV. R. BALBIN,GRAL PAZ,12,-58.5007381,-34.5497951,OBJETO FIJO,1/22/2017,2017,1,22,PASAJERO_ACOMPAÑANTE,MOTO,FEMENINO,29
2017-0012,14,TRAFUL Y DIOGENES TABORDA,CALLE,4,-58.40969005,-34.6505529,CARGAS,1/24/2017,2017,1,24,CONDUCTOR,MOTO,MASCULINO,30
2017-0013,7,IRIARTE 3055,AVENIDA,4,-58.38972622,-34.65098981,CARGAS,1/27/2017,2017,1,27,PEATON,PEATON,MASCULINO,4
2017-0014,8,AV. DONADO Y ARIAS,AVENIDA,12,-58.49185972,-34.55046754,MULTIPLE,1/28/2017,2017,1,28,PASAJERO_ACOMPAÑANTE,MOTO,FEMENINO,22
2017-0015,15,CORDOBA AV. Y CALLAO,AVENIDA,2,-58.39293417,-34.59963642,AUTO,2/2/2017,2017,2,2,PEATON,PEATON,MASCULINO,82
2017-0016,5,"AU 25 DE MAYO, KILOMETRO 8.3, SENTIDO HACIA PROVINCIA DE BUENOS AIRES, C.A.B.A.",AUTOPISTA,1,-58.38099494,-34.62288231,CARGAS,2/3/2017,2017,2,3,CONDUCTOR,MOTO,MASCULINO,27
2017-0017,8,AV. JUAN B JUSTO Y PARAGUAY,AVENIDA,14,-58.429012,-34.58095431,AUTO,2/6/2017,2017,2,6,CONDUCTOR,MOTO,MASCULINO,32
2017-0018,7,AV. GRAL. PAZ Y AV. DE LOS CORRALES,GRAL PAZ,9,-58.50877521,-34.66977709,AUTO,2/9/2017,2017,2,9,CONDUCTOR,MOTO,MASCULINO,30
2017-0021,5,SARMIENTO Y LIBERTAD,CALLE,1,-58.38362373,-34.60509972,PASAJEROS,2/18/2017,2017,2,18,CONDUCTOR,MOTO,MASCULINO,43
2017-0024,20,AV. RIVADAVIA 7121,AVENIDA,7,-58.46589308,-34.62955795,PASAJEROS,2/23/2017,2017,2,23,PEATON,PEATON,MASCULINO,39
2017-0025,17,AV. FERNANDEZ DE LA CRUZ Y RIVERA INDARTE,AVENIDA,7,-58.43614426,-34.6542464,AUTO,2/24/2017,2017,2,24,CONDUCTOR,MOTO,MASCULINO,23
2017-0026,5,AV. PERITO MORENO Y FOURNIER,AVENIDA,4,-58.41842777,-34.64979057,OBJETO FIJO,2/26/2017,2017,2,26,PASAJERO_ACOMPAÑANTE,AUTO,FEMENINO,23
2017-0026,5,AV. PERITO MORENO Y FOURNIER,AVENIDA,4,-58.41842777,-34.64979057,OBJETO FIJO,2/26/2017,2017,2,26,CONDUCTOR,AUTO,MASCULINO,19
2017-0027,21,AV. CASEROS 1429,AVENIDA,1,-58.38332245,-34.6319325,AUTO,2/26/2017,2017,2,26,PEATON,PEATON,MASCULINO,30
2017-0028,9,AV. GAONA Y FRAGATA SARMIENTO,AVENIDA,6,-58.45475488,-34.61196327,AUTO,2/28/2017,2017,2,28,PEATON,PEATON,MASCULINO,87
2017-0029,2,MOZART Y TANDIL,CALLE,9,-58.48501341,-34.64742455,AUTO,3/7/2017,2017,3,7,CONDUCTOR,MOTO,MASCULINO,34
2017-0030,8,MOZART Y COLECTORA AV. TTE. LUIS J DELLEPIANE,AVENIDA,9,-58.47010988,-34.65872088,PASAJEROS,3/7/2017,2017,3,7,CONDUCTOR,AUTO,FEMENINO,27
2017-0031,1,24 DE NOVIEMBRE Y PAVON ,CALLE,3,-58.4099756,-34.62873635,OBJETO FIJO,3/11/2017,2017,3,11,PASAJERO_ACOMPAÑANTE,AUTO,MASCULINO,70
2017-0032,5,AV. GRAL. PAZ Y PEDRO DE MENDOZA,GRAL PAZ,8,-58.48892175,-34.68359163,AUTO,3/12/2017,2017,3,12,PASAJERO_ACOMPAÑANTE,AUTO,FEMENINO,40
2017-0033,7,AV. GRAL. PAZ KM. 10,GRAL PAZ,11,-58.52466448,-34.60325478,AUTO,3/12/2017,2017,3,12,CONDUCTOR,AUTO,MASCULINO,28
2017-0034,7,GODOY CRUZ 2651,CALLE,14,-58.42554218,-34.57929036,AUTO,3/13/2017,2017,3,13,PEATON,PEATON,MASCULINO,43
2017-0035,5,AV. DR. TRISTAN ACHAVAL RODRIGUEZ Y BLVD. AZUCENA VILLAFLOR,AVENIDA,1,-58.35881506,-34.61113641,OBJETO FIJO,3/23/2017,2017,3,23,CONDUCTOR,AUTO,MASCULINO,28
2017-0035,5,AV. DR. TRISTAN ACHAVAL RODRIGUEZ Y BLVD. AZUCENA VILLAFLOR,AVENIDA,1,-58.35881506,-34.61113641,OBJETO FIJO,3/23/2017,2017,3,23,PASAJERO_ACOMPAÑANTE,AUTO,MASCULINO,32
2017-0035,5,AV. DR. TRISTAN ACHAVAL RODRIGUEZ Y BLVD. AZUCENA VILLAFLOR,AVENIDA,1,-58.35881506,-34.61113641,OBJETO FIJO,3/23/2017,2017,3,23,PASAJERO_ACOMPAÑANTE,AUTO,MASCULINO,30
2017-0036,18,CURUPAYTI Y COLECTORA AV. GRAL. PAZ,GRAL PAZ,12,-58.51452347,-34.58159762,PASAJEROS,3/29/2017,2017,3,29,PASAJERO_ACOMPAÑANTE,MOTO,FEMENINO,30
2017-0036,18,CURUPAYTI Y COLECTORA AV. GRAL. PAZ,GRAL PAZ,12,-58.51452347,-34.58159762,PASAJEROS,3/29/2017,2017,3,29,CONDUCTOR,MOTO,MASCULINO,20
2017-0037,3,AV. INDEPENDENCIA Y VIRREY CEVALLOS,AVENIDA,1,-58.38896772,-34.61799615,CARGAS,3/31/2017,2017,3,31,CONDUCTOR,MOTO,MASCULINO,41
2017-0038,19,AV. CASTAÑARES Y LAUTARO,AVENIDA,7,-58.44516857,-34.64363363,AUTO,4/1/2017,2017,4,1,CONDUCTOR,MOTO,FEMENINO,40
2017-0040,9,CAMINO CIUDAD UNUVERSITARIA Y AV. TTE. GUIRALDES,AVENIDA,13,-58.43834197,-34.54560369,MULTIPLE,4/3/2017,2017,4,3,CONDUCTOR,AUTO,MASCULINO,43
2017-0041,23,BALDOMERO FERNANDEZ MORENO 2186,CALLE,7,-58.45485084,-34.63531854,AUTO,4/3/2017,2017,4,3,CONDUCTOR,MOTO,MASCULINO,17
2017-0042,9,AV. LEOPOLDO LUGONES PKM 6900,GRAL PAZ,14,-58.441664463445676,-34.61969973512046,CARGAS,4/10/2017,2017,4,10,CONDUCTOR,MOTO,MASCULINO,30
2017-0045,6,NOGOYA 5940,CALLE,10,-58.52449285,-34.62454175,OBJETO FIJO,4/14/2017,2017,4,14,CONDUCTOR,MOTO,MASCULINO,21
2017-0047,6,AV. ARGENTINA Y AV. CORVALAN,AVENIDA,8,-58.46713742,-34.6719879,AUTO,4/23/2017,2017,4,23,CONDUCTOR,MOTO,MASCULINO,37
2017-0049,18,AV. FERNANDEZ DE LA CRUZ Y VARELA,AVENIDA,8,-58.43850413,-34.65554754,PASAJEROS,4/27/2017,2017,4,27,PEATON,PEATON,MASCULINO,22
2017-0050,11,AU PERITO MORENO Y RAMAL ENLACE AU1/AU6,AUTOPISTA,9,-58.441664463445676,-34.61969973512046,CARGAS,4/28/2017,2017,4,28,CONDUCTOR,MOTO,MASCULINO,46
2017-0050,11,AU PERITO MORENO Y RAMAL ENLACE AU1/AU6,AUTOPISTA,9,-58.441664463445676,-34.61969973512046,CARGAS,4/28/2017,2017,4,28,PASAJERO_ACOMPAÑANTE,MOTO,MASCULINO,16
2017-0051,3,AU DELLEPIANE 2400,AUTOPISTA,7,-58.441664463445676,-34.61969973512046,AUTO,5/1/2017,2017,5,1,CONDUCTOR,AUTO,MASCULINO,33
2017-0052,3,AV. GRAL. PAZ Y GOLETA JULIA,GRAL PAZ,8,-58.49413799,-34.68095739,CARGAS,5/5/2017,2017,5,5,PEATON,PEATON,FEMENINO,47
2017-0053,20,VIEYTES Y VILLARINO,CALLE,4,-58.37547846,-34.65326075,CARGAS,5/5/2017,2017,5,5,CONDUCTOR,MOTO,MASCULINO,28
2017-0054,21,AV. DE LOS CONSTITUYENTES Y PEDRO MORAN,AVENIDA,15,-58.48680218,-34.58689719,AUTO,5/7/2017,2017,5,7,PASAJERO_ACOMPAÑANTE,MOTO,FEMENINO,20
2017-0055,8,AV. DE LOS CONSTITUYENTES 4900,AVENIDA,12,-58.49563989,-34.57962262,AUTO,5/9/2017,2017,5,9,CONDUCTOR,AUTO,MASCULINO,32
2017-0058,23,AV. CORDOBA Y LIBERTAD,AVENIDA,1,-58.38403232,-34.5991594,MOTO,5/9/2017,2017,5,9,PEATON,PEATON,MASCULINO,80
2017-0059,9,BRASIL Y LIMA,CALLE,1,-58.38223382,-34.62693865,PASAJEROS,5/11/2017,2017,5,11,PEATON,PEATON,FEMENINO,39
2017-0060,7,AV. ESCALADA Y AV. FERNANDEZ DE LA CRUZ,AVENIDA,8,-58.45966521,-34.67323292,OBJETO FIJO,5/13/2017,2017,5,13,PASAJERO_ACOMPAÑANTE,MOTO,MASCULINO,30
2017-0061,13,PARAGUAY Y AV. CALLAO ,AVENIDA,2,-58.39303911,-34.59871111,MOTO,5/15/2017,2017,5,15,PEATON,PEATON,MASCULINO,47
2017-0062,16,AV. JUAN B JUSTO Y SAN BLAS,AVENIDA,10,-58.51262106,-34.63395999,CARGAS,5/15/2017,2017,5,15,CONDUCTOR,MOTO,MASCULINO,35
2017-0063,10,CHILE Y AV. 9 DE JULIO,AVENIDA,1,-58.38118367,-34.61646839,PASAJEROS,5/17/2017,2017,5,17,PEATON,PEATON,FEMENINO,79
2017-0064,5,MAIPU Y PERON,CALLE,1,-58.37653284,-34.60582475,AUTO,5/20/2017,2017,5,20,PASAJERO_ACOMPAÑANTE,CARGAS,MASCULINO,61
2017-0065,16,AV. SUAREZ Y HERRERA,AVENIDA,4,-58.37709334,-34.64035082,CARGAS,5/22/2017,2017,5,22,CICLISTA,BICICLETA,MASCULINO,21
2017-0066,18,AV. SAN MARTIN Y FRAGATA SARMIENTO,AVENIDA,15,-58.46002142,-34.60409469,PASAJEROS,5/22/2017,2017,5,22,PEATON,PEATON,MASCULINO,10
2017-0067,2,AV. DIRECTORIO Y AV. JOSE MARIA MORENO,AVENIDA,6,-58.4338197,-34.62801894,CARGAS,5/23/2017,2017,5,23,CONDUCTOR,MOTO,MASCULINO,21
2017-0068,19,AV. TTE. FRANCISCO RABANAL 2950,AVENIDA,8,-58.43580656,-34.66437532,OBJETO FIJO,5/27/2017,2017,5,27,CONDUCTOR,MOTO,MASCULINO,32
2017-0069,14,AV. GRAL. PAZ Y ULRICO SCHMIDL,GRAL PAZ,9,-58.52173071,-34.65997463,AUTO,5/29/2017,2017,5,29,CONDUCTOR,MOTO,MASCULINO,39
2017-0070,13,NUEVA YORK  3696,CALLE,11,-58.50791763,-34.59804273,AUTO,5/30/2017,2017,5,30,PEATON,PEATON,MASCULINO,80
2017-0072,23,AV. DE LOS CONSTITUYENTES Y VALLEJOS,AVENIDA,12,-58.49175088,-34.58226957,AUTO,6/3/2017,2017,6,3,CONDUCTOR,AUTO,MASCULINO,25
2017-0073,9,AV. CORRIENTES Y ECUADOR,AVENIDA,3,-58.40781467,-34.60425669,AUTO,6/4/2017,2017,6,4,CONDUCTOR,MOTO,MASCULINO,19
2017-0074,12,CASCO 133,CALLE,9,-58.52567073,-34.63787791,AUTO,6/4/2017,2017,6,4,CONDUCTOR,MOTO,MASCULINO,70
2017-0075,22,AV. DE MAYO Y AV. 9 DE JULIO,AVENIDA,1,-58.381542,-34.60906385,MOTO,6/12/2017,2017,6,12,PEATON,PEATON,MASCULINO,55
2017-0076,14,AV. RAMON CASTILLO Y CALLE 12,AVENIDA,2,-58.38526125,-34.5780581,CARGAS,6/13/2017,2017,6,13,PEATON,PEATON,FEMENINO,30
2017-0077,23,FRAY JUSTO SANTAMARIA DE ORO 1930,CALLE,14,-58.42934104,-34.58451712,CARGAS,6/17/2017,2017,6,17,CONDUCTOR,MOTO,FEMENINO,60
2017-0079,16,MEXICO Y DEAN FUNES,CALLE,3,-58.40657493,-34.61781124,CARGAS,6/19/2017,2017,6,19,CONDUCTOR,MOTO,MASCULINO,33
2017-0080,10,AV. JUAN B ALBERDI Y AV. ESCALADA,AVENIDA,9,-58.49525314,-34.64487785,CARGAS,6/22/2017,2017,6,22,PEATON,PEATON,FEMENINO,95
2017-0082,22,AV. ENTRE RIOS Y AV. BRASIL,AVENIDA,4,-58.39092851,-34.62932696,AUTO,6/25/2017,2017,6,25,PEATON,PEATON,MASCULINO,36
2017-0083,0,AV. JUAN B ALBERDI Y GUARDIA NACIONAL,AVENIDA,9,-58.49603546,-34.64564271,CARGAS,7/4/2017,2017,7,4,CONDUCTOR,MOTO,MASCULINO,37
2017-0084,12,AV. DEL LIBERTADOR Y RODRIGUEZ PEÑA,AVENIDA,2,-58.38502878,-34.58703485,PASAJEROS,7/5/2017,2017,7,5,PEATON,PEATON,FEMENINO,73
2017-0085,14,TACUARI Y AV. MARTIN GARCIA,AVENIDA,4,-58.37261143,-34.63150425,PASAJEROS,7/7/2017,2017,7,7,PEATON,PEATON,MASCULINO,84
2017-0086,7,AV. RIVADAVIA Y MURGUIONDO,AVENIDA,9,-58.51876802,-34.63905965,MOTO,7/9/2017,2017,7,9,PEATON,PEATON,FEMENINO,30
2017-0087,10,24 DE NOVIEMBRE 390,CALLE,3,-58.41095567,-34.61516101,AUTO,7/10/2017,2017,7,10,PEATON,PEATON,FEMENINO,73
2017-0088,22,AV. PASEO COLON Y BRASIL,AVENIDA,1,-58.36797542,-34.62519403,PASAJEROS,7/10/2017,2017,7,10,PEATON,PEATON,MASCULINO,43
2017-0089,12,MARTINIANO LEGUIZAMON 901,CALLE,9,-58.51514709,-34.64787051,AUTO,7/13/2017,2017,7,13,CONDUCTOR,MOTO,MASCULINO,23
2017-0090,5,AV. CHIVILCOY Y COLECTORA AV. GRAL. PAZ ,GRAL PAZ,11,-58.51925642,-34.59171721,AUTO,7/15/2017,2017,7,15,PEATON,PEATON,MASCULINO,22
2017-0091,13,SUPERI Y AV. GRAL. PAZ,GRAL PAZ,12,-58.48671535,-34.54321216,AUTO,7/15/2017,2017,7,15,CONDUCTOR,MOTO,MASCULINO,58
2017-0092,22,AU 25 DE MAYO Y AU FRONDIZI (9 DE JULIO SUR),AUTOPISTA,1,-58.38268809,-34.62282019,AUTO,7/24/2017,2017,7,24,PEATON,PEATON,MASCULINO,66
2017-0093,16,"AV. LEOPOLDO LUGONES KM 7,5, ALTURA PUENTE SCALABRINI ORTIZ, SENTIDO A CENTRO PORTEÑO",AUTOPISTA,13,-58.43633522,-34.54966288,AUTO,7/25/2017,2017,7,25,PEATON,PEATON,MASCULINO,30
2017-0094,8,VICTOR HUGO 2639,CALLE,10,-58.52640838,-34.61765855,CARGAS,7/27/2017,2017,7,27,CICLISTA,BICICLETA,FEMENINO,56
2017-0095,8,AV. CORDOBA Y JERONIMO SALGUERO,AVENIDA,14,-58.41894306,-34.59778875,AUTO,8/6/2017,2017,8,6,CONDUCTOR,MOTO,MASCULINO,36
2017-0096,19,AV. CABILDO Y NUÑEZ,AVENIDA,13,-58.46756026,-34.54972741,PASAJEROS,8/7/2017,2017,8,7,PEATON,PEATON,MASCULINO,87
2017-0098,12,JOSE BONIFACIO 2114,CALLE,7,-58.45715752,-34.63132912,AUTO,8/8/2017,2017,8,8,PEATON,PEATON,FEMENINO,61
2017-0099,19,AV. PTE FIGUEROA ALCORTA 5400,AVENIDA,14,-58.42406784,-34.56213916,AUTO,8/17/2017,2017,8,17,CICLISTA,BICICLETA,MASCULINO,28
2017-0100,7,VENEZUELA 2135,CALLE,3,-58.3967447,-34.61512051,OBJETO FIJO,8/21/2017,2017,8,21,PASAJERO_ACOMPAÑANTE,MOTO,FEMENINO,16
2017-0101,10,AV. FCO. LACROZE Y ZAPATA,AVENIDA,13,-58.44537508,-34.57084818,MULTIPLE,8/23/2017,2017,8,23,PEATON,PEATON,FEMENINO,61
2017-0102,1,IRIARTE Y ZAVALETA,AVENIDA,4,-58.40056767,-34.6510708,CARGAS,8/24/2017,2017,8,24,PEATON,PEATON,MASCULINO,46
2017-0104,9,AV. 9 DE JULIO Y ESTADOS UNIDOS,AVENIDA,1,-58.38109568,-34.61853244,CARGAS,8/25/2017,2017,8,25,PEATON,PEATON,FEMENINO,18
2017-0106,19,FRAY JUSTO SANTAMARIA DE ORO Y GUEMES,CALLE,14,-58.42533612,-34.58035258,PASAJEROS,8/31/2017,2017,8,31,PEATON,PEATON,FEMENINO,85
2017-0107,11,AV. DEL LIBERTADOR Y JARAMILLO,AVENIDA,13,-58.46062311,-34.54395182,CARGAS,9/1/2017,2017,9,1,CONDUCTOR,MOTO,MASCULINO,41
2017-0108,4,AV. GRAL. PAZ Y MACHAIN,GRAL PAZ,12,-58.49491054,-34.54795581,AUTO,9/2/2017,2017,9,2,PASAJERO_ACOMPAÑANTE,AUTO,MASCULINO,17
2017-0108,4,AV. GRAL. PAZ Y MACHAIN,GRAL PAZ,12,-58.49491054,-34.54795581,AUTO,9/2/2017,2017,9,2,PASAJERO_ACOMPAÑANTE,AUTO,MASCULINO,10
2017-0109,21,AV. DIRECTORIO Y PORTELA,AVENIDA,7,-58.47130269,-34.63665402,AUTO,9/4/2017,2017,9,4,CONDUCTOR,MOTO,MASCULINO,21
2017-0110,14,LAVALLE Y AV. LEANDRO N ALEM,AVENIDA,1,-58.370488,-34.60189492,PASAJEROS,9/6/2017,2017,9,6,PEATON,PEATON,MASCULINO,56
2017-0111,18,USPALLATA Y PIROVANO,CALLE,4,-58.42023854,-34.6423411,CARGAS,9/7/2017,2017,9,7,PEATON,PEATON,FEMENINO,79
2017-0112,9,AU 25 DE MAYO Y AV. VARELA,AUTOPISTA,7,-58.45807401,-34.6399743,OBJETO FIJO,9/10/2017,2017,9,10,PASAJERO_ACOMPAÑANTE,AUTO,MASCULINO,1
2017-0112,9,AU 25 DE MAYO Y AV. VARELA,AUTOPISTA,7,-58.45807401,-34.6399743,OBJETO FIJO,9/10/2017,2017,9,10,PASAJERO_ACOMPAÑANTE,AUTO,MASCULINO,30
2017-0113,6,AV. SANTA FE Y MAIPU,AVENIDA,1,-58.37697717,-34.59573848,PASAJEROS,9/11/2017,2017,9,11,PEATON,PEATON,FEMENINO,76
2017-0114,2,AV. ALVEAR Y AV. DEL LIBERTADOR,AVENIDA,2,-58.3910058,-34.5849866,OBJETO FIJO,9/15/2017,2017,9,15,CONDUCTOR,AUTO,MASCULINO,26
2017-0115,18,AV. PAVON Y TREINTA Y TRES ORIENTALES,AVENIDA,5,-58.42182126,-34.63089661,BICICLETA,9/19/2017,2017,9,19,CONDUCTOR,MOTO,MASCULINO,34
2017-0116,22,COLECTORA AV. GRAL. PAZ 5750,GRAL PAZ,12,-58.51389422,-34.58075791,OBJETO FIJO,9/20/2017,2017,9,20,CONDUCTOR,MOTO,MASCULINO,22
2017-0118,7,VIEYTES Y CRUZ,AVENIDA,4,-58.37585415,-34.65232158,AUTO,9/22/2017,2017,9,22,PASAJERO_ACOMPAÑANTE,MOTO,FEMENINO,26
2017-0120,15,AU DELLEPIANE Y AV. ESCALADA,AUTOPISTA,9,-58.47297505,-34.66245085,CARGAS,10/2/2017,2017,10,2,CONDUCTOR,MOTO,MASCULINO,20
2017-0123,1,ALBARIÑO Y AV. ARGENTINA,AVENIDA,8,-58.46855503,-34.67216349,AUTO,10/10/2017,2017,10,10,PEATON,PEATON,FEMENINO,36
2017-0124,14,JUAN RAMIREZ DE VELAZCO 1211,CALLE,15,-58.44254033,-34.59185043,PASAJEROS,10/12/2017,2017,10,12,CONDUCTOR,MOTO,MASCULINO,51
2017-0125,6,AV. FERNANDEZ DE LA CRUZ Y LARRAYA,AVENIDA,8,-58.46622247,-34.67926929,OBJETO FIJO,10/13/2017,2017,10,13,CONDUCTOR,MOTO,MASCULINO,29
2017-0126,6,AV. RIESTRA Y CAÑADA DE GOMEZ,AVENIDA,8,-58.48003734,-34.68148508,OBJETO FIJO,10/14/2017,2017,10,14,PASAJERO_ACOMPAÑANTE,AUTO,MASCULINO,39
2017-0126,6,AV. RIESTRA Y CAÑADA DE GOMEZ,AVENIDA,8,-58.48003734,-34.68148508,OBJETO FIJO,10/14/2017,2017,10,14,CONDUCTOR,AUTO,MASCULINO,36
2017-0127,7,GALLO Y AV. CORDOBA,AVENIDA,2,-58.41192137,-34.59800248,MOTO,10/16/2017,2017,10,16,PASAJERO_ACOMPAÑANTE,MOTO,MASCULINO,24
2017-0128,12,DR. JUAN F. ARANGUREN 611,CALLE,6,-58.44034689,-34.61349731,PASAJEROS,10/17/2017,2017,10,17,PEATON,PEATON,FEMENINO,60
2017-0129,19,AU PERITO MORENO Y AU 25 DE MAYO,AUTOPISTA,9,-58.47155277,-34.64925746,PASAJEROS,10/26/2017,2017,10,26,CONDUCTOR,MOTO,MASCULINO,57
2017-0130,5,CHORROARIN Y AV. SAN MARTIN,AVENIDA,15,-58.47883099,-34.59967065,CARGAS,10/27/2017,2017,10,27,CONDUCTOR,AUTO,MASCULINO,23
2017-0132,14,COSQUIN Y AV. CNEL. ROCA,AVENIDA,8,-58.46552171,-34.6937413,PASAJEROS,10/30/2017,2017,10,30,CONDUCTOR,MOTO,MASCULINO,23
2017-0134,18,AV. CNEL. ROCA 3555,AVENIDA,8,-58.4423972,-34.66777987,PASAJEROS,11/6/2017,2017,11,6,PEATON,PEATON,FEMENINO,47
2017-0135,12,AV. WARNES Y PUNTA ARENAS,AVENIDA,15,-58.47032551,-34.59626814,CARGAS,11/7/2017,2017,11,7,CONDUCTOR,MOTO,MASCULINO,24
2017-0136,8,DEL BARCO CENTENERA Y RABANAL,AVENIDA,4,-58.41827843,-34.65522746,PASAJEROS,11/16/2017,2017,11,16,PEATON,PEATON,MASCULINO,55
2017-0137,11,AV. GRAL. ENRIQUE MOSCONI Y SAN NICOLAS,AVENIDA,11,-58.51280715,-34.59279388,CARGAS,11/17/2017,2017,11,17,PEATON,PEATON,FEMENINO,60
2017-0138,10,AV. LAFUENTE Y AV. EVA PERON,AVENIDA,7,-58.46258582,-34.64385704,OBJETO FIJO,11/19/2017,2017,11,19,PASAJERO_ACOMPAÑANTE,MOTO,MASCULINO,25
2017-0139,22,AV. CNEL. ROCA Y AV. ESCALADA,AVENIDA,8,-58.45064148,-34.68003614,OBJETO FIJO,11/19/2017,2017,11,19,PASAJERO_ACOMPAÑANTE,AUTO,FEMENINO,15
2017-0140,23,AU ARTURO FRONDIZI PKM 3100,AUTOPISTA,4,-58.441664463445676,-34.61969973512046,PASAJEROS,11/19/2017,2017,11,19,CONDUCTOR,MOTO,MASCULINO,24
2017-0141,19,AV. LA PLATA Y AV. PEDRO GOYENA,AVENIDA,6,-58.42717783,-34.62513374,PASAJEROS,11/23/2017,2017,11,23,PEATON,PEATON,FEMENINO,22
2017-0143,21,TRELLES Y GRAL. CESAR DIAZ,CALLE,11,-58.46442001,-34.60724519,PASAJEROS,11/25/2017,2017,11,25,CONDUCTOR,AUTO,MASCULINO,50
2017-0144,6,AV. CNEL. ROCA Y COLECTORA AV. GRAL. PAZ,GRAL PAZ,8,-58.47064556,-34.69843756,OBJETO FIJO,11/26/2017,2017,11,26,PASAJERO_ACOMPAÑANTE,AUTO,FEMENINO,50
2017-0145,17,MAZA Y DON BOSCO,CALLE,5,-58.41677733,-34.61223119,AUTO,11/26/2017,2017,11,26,CONDUCTOR,MOTO,MASCULINO,58
2017-0147,11,AV. GRAL. PAZ Y AV. EVA PERON,GRAL PAZ,9,-58.5025179,-34.67450313,AUTO,11/28/2017,2017,11,28,CONDUCTOR,MOTO,MASCULINO,49
2017-0148,10,AV. SAN JUAN Y LA RIOJA,AVENIDA,3,-58.40708125,-34.62438894,PASAJEROS,11/29/2017,2017,11,29,PEATON,PEATON,FEMENINO,82
2017-0149,12,AV. PASEO COLON Y MEXICO,AVENIDA,1,-58.36947198,-34.61477051,PASAJEROS,11/30/2017,2017,11,30,PEATON,PEATON,MASCULINO,13
2017-0150,1,AV. RIVADAVIA Y MIRALLA,AVENIDA,9,-58.51140889,-34.63934531,AUTO,12/4/2017,2017,12,4,PEATON,PEATON,MASCULINO,56
2017-0151,2,VIEYTES Y LUJAN,CALLE,4,-58.37460912,-34.65559133,PASAJEROS,12/4/2017,2017,12,4,PEATON,PEATON,MASCULINO,30
2017-0152,17,CACHI Y TRAFUL,CALLE,4,-58.41146277,-34.65073916,PASAJEROS,12/6/2017,2017,12,6,CICLISTA,BICICLETA,MASCULINO,19
2017-0153,2,ROSARIO Y AV. LA PLATA,AVENIDA,6,-58.42855267,-34.61829385,PASAJEROS,12/11/2017,2017,12,11,PASAJERO_ACOMPAÑANTE,MOTO,MASCULINO,30
2017-0153,2,ROSARIO Y AV. LA PLATA,AVENIDA,6,-58.42855267,-34.61829385,PASAJEROS,12/11/2017,2017,12,11,CONDUCTOR,MOTO,MASCULINO,30
2017-0154,9,AV. ENTRE RIOS Y AV. CASEROS ,AVENIDA,4,-58.39035581,-34.63412287,PASAJEROS,12/11/2017,2017,12,11,PEATON,PEATON,MASCULINO,76
2017-0155,21,AV. RIVADAVIA 6350,AVENIDA,7,-58.45593915,-34.62656868,MOTO,12/12/2017,2017,12,12,CONDUCTOR,MOTO,MASCULINO,77
2017-0157,9,AV. GRAL. PAZ Y HUMAITA,GRAL PAZ,9,-58.52866211,-34.64597065,PASAJEROS,12/17/2017,2017,12,17,CONDUCTOR,AUTO,MASCULINO,53
2017-0158,21,GUALEGUAYCHU Y COLECTORA AV. GRAL PAZ,GRAL PAZ,11,-58.52037476,-34.59407024,AUTO,12/18/2017,2017,12,18,CONDUCTOR,MOTO,MASCULINO,32
2017-0159,4,AV. INDEPENDENCIA Y VIRREY CEVALLOS,AVENIDA,1,-58.38896772,-34.61799615,AUTO,12/20/2017,2017,12,20,CONDUCTOR,MOTO,MASCULINO,27
2017-0160,13,AV. NAZCA 365,AVENIDA,7,-58.47074114,-34.62771756,MOTO,12/22/2017,2017,12,22,PEATON,PEATON,FEMENINO,30
2017-0161,15,AV. EVA PERON 5249,AVENIDA,9,-58.48200819,-34.65969965,AUTO,12/26/2017,2017,12,26,PEATON,PEATON,FEMENINO,30
2018-0001,22,San Juan Av. Y Rincón,AVENIDA,3,-58.39536773,-34.62297346,MOTO,1/1/2018,2018,1,1,PEATON,PEATON,MASCULINO,83
2018-0002,16,Peru 937,CALLE,1,-58.37456088,-34.61895467,PASAJEROS,1/3/2018,2018,1,3,CICLISTA,BICICLETA,FEMENINO,26
2018-0003,10,"Pueyrredon, Honorio, Dr. Av. y Galicia",AVENIDA,15,-58.44860217,-34.60395657,MULTIPLE,1/5/2018,2018,1,5,PEATON,PEATON,FEMENINO,58
2018-0004,9,Del Libertador Av. y Manzanares,AVENIDA,13,-58.46129513,-34.54332766,MULTIPLE,1/9/2018,2018,1,9,CONDUCTOR,MOTO,MASCULINO,39
2018-0005,22,Paseo Colon Av. 1019,AVENIDA,1,-58.36907201,-34.61953517,PASAJEROS,1/9/2018,2018,1,9,PEATON,PEATON,MASCULINO,54
2018-0006,21,Valle y Barco Centenera Del,CALLE,6,-58.44062219,-34.62499107,PASAJEROS,1/10/2018,2018,1,10,CICLISTA,BICICLETA,FEMENINO,45
2018-0007,2,AU Perito Moreno  KM 0.6,AUTOPISTA,9,-58.52502765,-34.63601265,AUTO,1/11/2018,2018,1,11,CONDUCTOR,AUTO,MASCULINO,46
2018-0008,17,"Huergo, Ing. Av. e Independencia Av.",AVENIDA,1,-58.36659655,-34.61687778,CARGAS,1/12/2018,2018,1,12,CONDUCTOR,MOTO,FEMENINO,32
2018-0009,2,"Pilcomayo y Brown, Alte. Av.",AVENIDA,4,-58.36737389,-34.62763661,MOTO,1/14/2018,2018,1,14,CONDUCTOR,MOTO,MASCULINO,19
2018-0010,5,"Cervantes y Belaustegui, Luis, Dr.",CALLE,10,-58.49807953,-34.63038658,CARGAS,1/18/2018,2018,1,18,CONDUCTOR,MOTO,MASCULINO,40
2018-0011,10,Callao y Vte. Lopez,AVENIDA,2,-58.39092703,-34.59088447,PASAJEROS,1/19/2018,2018,1,19,PEATON,PEATON,MASCULINO,84
2018-0012,13,"Oliden y Chilavert, Martiniano, Coronel",CALLE,8,-58.46912006,-34.68049201,PASAJEROS,1/26/2018,2018,1,26,CONDUCTOR,MOTO,MASCULINO,20
2018-0013,8,Congreso Av. y Galvan,AVENIDA,12,-58.48661286,-34.56786129,AUTO,1/28/2018,2018,1,28,CONDUCTOR,MOTO,MASCULINO,44
2018-0014,20,"Moreno, Perito Av. y Rivera Indarte",AVENIDA,7,-58.44074927,-34.65080597,MOTO,1/31/2018,2018,1,31,PEATON,PEATON,MASCULINO,30
2018-0015,1,Australia Av. 2800,AVENIDA,4,-58.38636298,-34.64684275,PASAJEROS,2/6/2018,2018,2,6,CONDUCTOR,MOTO,MASCULINO,28
2018-0015,1,Australia Av. 2800,AVENIDA,4,-58.38636298,-34.64684275,PASAJEROS,2/6/2018,2018,2,6,PASAJERO_ACOMPAÑANTE,MOTO,MASCULINO,19
2018-0016,10,"Del Libertador Av. y Ramos Mejia, Jose Maria, Dr. Av.",AVENIDA,1,-58.37533517,-34.59276462,CARGAS,2/15/2018,2018,2,15,CONDUCTOR,MOTO,MASCULINO,31
2018-0017,4,San Pedrito Av. y Rivadavia Av.,AVENIDA,7,-58.46963952,-34.63070603,AUTO,2/17/2018,2018,2,17,PEATON,PEATON,MASCULINO,35
2018-0018,7,"Isabel La Catolica y Salvadores, Cnel.",CALLE,4,-58.37207554,-34.64543658,CARGAS,2/17/2018,2018,2,17,CONDUCTOR,MOTO,MASCULINO,26
2018-0019,12,Las Heras General Av. y Callao Av.,AVENIDA,2,-58.39189441,-34.59176378,PASAJEROS,2/17/2018,2018,2,17,PEATON,PEATON,FEMENINO,80
2018-0020,22,Fernandez de la Cruz Subida AU Héctor J. Cámpora,AUTOPISTA,8,-58.45012957,-34.66518343,CARGAS,2/19/2018,2018,2,19,CONDUCTOR,MOTO,MASCULINO,26
2018-0021,10,AMANCIO ALCORTA Y ZAVALETA,AVENIDA,4,-58.40184094,-34.64546845,PASAJEROS,2/22/2018,2018,2,22,PEATON,PEATON,FEMENINO,62
2018-0022,0,"Montes De Oca, Manuel y Olavarria",AVENIDA,4,-58.37441153,-34.63966783,CARGAS,2/24/2018,2018,2,24,CONDUCTOR,MOTO,MASCULINO,28
2018-0023,6,Barco Centenera Del y Rosario,CALLE,6,-58.44110156,-34.62082399,AUTO,2/24/2018,2018,2,24,CONDUCTOR,MOTO,MASCULINO,28
2018-0024,23,Alvarez Thomas Av. y Donado,AVENIDA,15,-58.47087351,-34.57827342,CARGAS,2/28/2018,2018,2,28,PEATON,PEATON,MASCULINO,70
2018-0025,22,Av. Avellaneda y Av. Boyacá,AVENIDA,7,-58.4596221,-34.6224514,AUTO,3/4/2018,2018,3,4,PEATON,PEATON,MASCULINO,70
2018-0026,4,"Rabanal, Francisco, Intendente Av. y Saenz Av.",AVENIDA,4,-58.41657793,-34.65476216,CARGAS,3/9/2018,2018,3,9,CONDUCTOR,MOVIL,MASCULINO,24
2018-0026,4,"Rabanal, Francisco, Intendente Av. y Saenz Av.",AVENIDA,4,-58.41657793,-34.65476216,CARGAS,3/9/2018,2018,3,9,PASAJERO_ACOMPAÑANTE,MOVIL,MASCULINO,30
2018-0027,23,Castro y Rondeau,CALLE,5,-58.41911301,-34.63722107,MOTO,3/11/2018,2018,3,11,PEATON,PEATON,FEMENINO,74
2018-0028,15,"Bilbao, Francisco Av. y Azul",AVENIDA,9,-58.47120586,-34.64251042,CARGAS,3/13/2018,2018,3,13,PEATON,PEATON,MASCULINO,71
2018-0029,18,Nazca Av. y Gaona Av.,AVENIDA,11,-58.47418944,-34.62049672,AUTO,3/15/2018,2018,3,15,CONDUCTOR,MOTO,MASCULINO,26
2018-0030,1,Plaza y Alvarez Thomas Av.,AVENIDA,15,-58.46720441,-34.57905579,MOTO,3/20/2018,2018,3,20,CONDUCTOR,MOTO,MASCULINO,24
2018-0031,10,"Gaona Av. y Artigas, Jose Gervasio, Gral.",AVENIDA,11,-58.46909362,-34.6177971,CARGAS,3/28/2018,2018,3,28,CONDUCTOR,MOTO,MASCULINO,31
2018-0032,13,Cabildo Av. y Aguilar,AVENIDA,13,-58.44704343,-34.5688864,PASAJEROS,4/2/2018,2018,4,2,PEATON,PEATON,MASCULINO,70
2018-0033,7,Camarones y Lope De Vega Av.,AVENIDA,10,-58.50535541,-34.62902048,CARGAS,4/7/2018,2018,4,7,CONDUCTOR,MOTO,FEMENINO,42
2018-0034,18,Santa Fe Av. 2320,AVENIDA,2,-58.40021675,-34.59522198,PASAJEROS,4/11/2018,2018,4,11,PEATON,PEATON,MASCULINO,24
2018-0035,16,Av. Rivadavia 6950,AVENIDA,7,-58.46325991,-34.62919627,PASAJEROS,4/12/2018,2018,4,12,PEATON,PEATON,FEMENINO,39
2018-0036,23,Av. San Martín y Argerich,AVENIDA,15,-58.49471482,-34.59694755,AUTO,4/13/2018,2018,4,13,CONDUCTOR,MOTO,MASCULINO,37
2018-0037,18,"Cordoba Av. y Uriburu Jose E., Pres.",AVENIDA,2,-58.3987261,-34.59975962,CARGAS,4/18/2018,2018,4,18,PEATON,PEATON,MASCULINO,84
2018-0038,17,AV. RIVADAVIA 1571,AVENIDA,1,-58.38872177,-34.60885045,AUTO,4/20/2018,2018,4,20,PEATON,PEATON,FEMENINO,59
2018-0038,17,AV. RIVADAVIA 1571,AVENIDA,1,-58.38872177,-34.60885045,AUTO,4/20/2018,2018,4,20,PEATON,PEATON,MASCULINO,61
2018-0039,22,AUTOPISTA LUGONES KM 4.7,AUTOPISTA,14,-58.441664463445676,-34.61969973512046,AUTO,4/21/2018,2018,4,21,PEATON,PEATON,MASCULINO,37
2018-0040,11,Ramon Freire y Virrey Olaguer y Feliu,CALLE,13,-58.45686132,-34.57305993,CARGAS,4/27/2018,2018,4,27,PEATON,PEATON,FEMENINO,30
2018-0041,13,"La Plata Av. y Fernandez De La Cruz, F., Gral. Av.",AVENIDA,4,-58.42281627,-34.64282424,PASAJEROS,4/27/2018,2018,4,27,PEATON,PEATON,FEMENINO,78
2018-0042,18,BRANDSEN y PERDRIEL,CALLE,4,-58.38666024,-34.63953396,CARGAS,4/27/2018,2018,4,27,PASAJERO_ACOMPAÑANTE,MOTO,MASCULINO,23
2018-0043,6,"Vilardebo, Teodoro y Alvarez Jonte Av.",AVENIDA,11,-58.49122843,-34.61207587,AUTO,4/28/2018,2018,4,28,CONDUCTOR,MOTO,MASCULINO,25
2018-0044,9,Alberti e Independencia Av.,AVENIDA,3,-58.40098306,-34.61866627,AUTO,4/28/2018,2018,4,28,PEATON,PEATON,FEMENINO,50
2018-0045,7,Alvarez Thomas Av. 879,AVENIDA,13,-58.45448963,-34.5791692,CARGAS,4/30/2018,2018,4,30,CONDUCTOR,AUTO,MASCULINO,60
2018-0046,3,Av. Gral. Paz y Av. Rivadavia,GRAL PAZ,9,-58.52927982,-34.63931752,AUTO,5/2/2018,2018,5,2,PEATON,PEATON,MASCULINO,11
2018-0047,19,Av. Corrientes y Av. Dorrego,AVENIDA,15,-58.44759966,-34.5917024,PASAJEROS,5/8/2018,2018,5,8,PEATON,PEATON,MASCULINO,82
2018-0048,10,Rivadavia Av. y Pedernera,AVENIDA,7,-58.46411215,-34.62925068,PASAJEROS,5/9/2018,2018,5,9,PEATON,PEATON,MASCULINO,57
2018-0049,19,Quesada 2300,CALLE,13,-58.4621322,-34.55395823,AUTO,5/11/2018,2018,5,11,PEATON,PEATON,FEMENINO,40
2018-0050,18,Cabildo Av. y Juramento Av.,AVENIDA,13,-58.45669422,-34.5620361,PASAJEROS,5/14/2018,2018,5,14,PEATON,PEATON,FEMENINO,47
2018-0051,21,"California y Carbonari, Francisco, Cmte.",CALLE,4,-58.3597716,-34.64341878,AUTO,5/15/2018,2018,5,15,PEATON,PEATON,FEMENINO,57
2018-0052,20,"Carril, Salvador Maria Del Av. y Nazca",AVENIDA,15,-58.49820145,-34.59070093,PASAJEROS,5/18/2018,2018,5,18,PEATON,PEATON,MASCULINO,78
2018-0053,2,San Luis y Aguero,CALLE,3,-58.4105928,-34.5993918,AUTO,5/20/2018,2018,5,20,CONDUCTOR,MOTO,MASCULINO,43
2018-0054,11,Lugones 2430,CALLE,12,-58.47969138,-34.57121563,BICICLETA,5/22/2018,2018,5,22,PEATON,PEATON,FEMENINO,86
2018-0055,7,Independencia Av. y Jujuy Av.,AVENIDA,3,-58.40351561,-34.61883916,AUTO,5/29/2018,2018,5,29,CONDUCTOR,MOTO,MASCULINO,21
2018-0056,13,Av. Rivadavia 11050,AVENIDA,9,-58.51973844,-34.63918987,PASAJEROS,6/2/2018,2018,6,2,PEATON,PEATON,FEMENINO,69
2018-0057,3,Combate De Los Pozos y Humberto 1°,CALLE,3,-58.39311376,-34.62163006,PASAJEROS,6/3/2018,2018,6,3,CONDUCTOR,MOTO,MASCULINO,33
2018-0058,6,Cordoba Av. y Thames,AVENIDA,15,-58.43531242,-34.59082159,AUTO,6/3/2018,2018,6,3,CONDUCTOR,MOTO,MASCULINO,26
2018-0059,6,"Garay, Juan De Av. y Sanchez De Loria",AVENIDA,5,-58.41178165,-34.63035454,OTRO,6/8/2018,2018,6,8,CONDUCTOR,MOTO,MASCULINO,54
2018-0060,12,"Lavalle y Alem, Leandro N. Av.",AVENIDA,1,-58.370488,-34.60189492,PASAJEROS,6/8/2018,2018,6,8,PEATON,PEATON,MASCULINO,51
2018-0061,11,Estados Unidos y Pichincha,CALLE,3,-58.39883882,-34.61964833,MOTO,6/10/2018,2018,6,10,CONDUCTOR,MOTO,MASCULINO,51
2018-0062,1,Rosario y Barco Centenera Del,CALLE,6,-58.44110156,-34.62082399,CARGAS,6/14/2018,2018,6,14,PEATON,PEATON,MASCULINO,32
2018-0063,21,Av. Leandro N. Alem y Viamonte,AVENIDA,1,-58.37093138,-34.59952725,PASAJEROS,6/16/2018,2018,6,16,PEATON,PEATON,FEMENINO,28
2018-0064,1,Varela Av. y Primera Junta,AVENIDA,7,-58.45855262,-34.63953253,CARGAS,6/25/2018,2018,6,25,CONDUCTOR,AUTO,MASCULINO,30
2018-0065,17,"Pellegrini, Carlos y Juncal",CALLE,1,-58.38161909,-34.59283447,CARGAS,6/26/2018,2018,6,26,CONDUCTOR,MOTO,MASCULINO,35
2018-0066,11,Av. Corrientes y Av. Federico Lacroze,AVENIDA,15,-58.45511899,-34.58698157,PASAJEROS,6/28/2018,2018,6,28,PEATON,PEATON,MASCULINO,73
2018-0067,16,"Montes De Oca, Manuel y Finochietto Enrique Dr.",AVENIDA,4,-58.37724226,-34.62973033,AUTO,6/29/2018,2018,6,29,PASAJERO_ACOMPAÑANTE,PASAJEROS,FEMENINO,81
2018-0068,9,"Carabobo Av. y Alberdi, Juan Bautista Av.",AVENIDA,7,-58.45546217,-34.62930339,AUTO,7/1/2018,2018,7,1,CONDUCTOR,MOTO,MASCULINO,21
2018-0069,21,"Córdoba Av. 2215

",AVENIDA,2,-58.39897064,-34.59954925,PASAJEROS,7/4/2018,2018,7,4,CICLISTA,BICICLETA,MASCULINO,20
2018-0070,15,"Estados Unidos y Urquiza, Gral.",CALLE,3,-58.40917826,-34.62126274,PASAJEROS,7/7/2018,2018,7,7,CONDUCTOR,MOTO,MASCULINO,33
2018-0071,17,Moreno y Av. Huergo,AVENIDA,1,-58.36726348,-34.61099738,CARGAS,7/10/2018,2018,7,10,CONDUCTOR,MOTO,MASCULINO,30
2018-0072,13,"AU Dellepiane kilometro 0.0, altura calle Montiel, sentido hacia el Centro Porteño",AUTOPISTA,8,-58.48267426,-34.68454456,CARGAS,7/11/2018,2018,7,11,CONDUCTOR,MOTO,MASCULINO,27
2018-0073,15,"Iriarte, Gral. Av. 3400",AVENIDA,4,-58.39546165,-34.65168841,CARGAS,7/11/2018,2018,7,11,PEATON,PEATON,FEMENINO,67
2018-0074,6,AV. JUAN B. ALBERDI 2968,AVENIDA,7,-58.46941984,-34.63376545,CARGAS,7/14/2018,2018,7,14,CONDUCTOR,AUTO,MASCULINO,25
2018-0075,7,Del Libertador Av. y Ortiz De Ocampo,AVENIDA,14,-58.40367321,-34.58129246,AUTO,7/15/2018,2018,7,15,PEATON,PEATON,MASCULINO,23
2018-0076,9,"Chavez, Jorge y Paz, Gral. Av.",CALLE,9,-58.52932872,-34.65014993,CARGAS,7/16/2018,2018,7,16,CONDUCTOR,AUTO,MASCULINO,73
2018-0077,23,"Urquiza, Gral. y Estados Unidos",CALLE,3,-58.40917826,-34.62126274,CARGAS,7/16/2018,2018,7,16,CONDUCTOR,AUTO,MASCULINO,58
2018-0078,6,Paraguay y Sánchez De Bustamante,CALLE,2,-58.41264127,-34.59473294,AUTO,7/21/2018,2018,7,21,PEATON,PEATON,MASCULINO,27
2018-0079,7,"De Los Corrales Av. y Paz, Gral. Av.",GRAL PAZ,9,-58.50877521,-34.66977709,CARGAS,7/23/2018,2018,7,23,PEATON,PEATON,MASCULINO,30
2018-0080,22,"Alberdi, Juan Bautista Av. y Carhue",AVENIDA,9,-58.51232237,-34.6590353,AUTO,7/25/2018,2018,7,25,PEATON,PEATON,MASCULINO,26
2018-0081,6,Castañares Av. y Rivera Indarte Av.,AVENIDA,7,-58.44744156,-34.64567171,MULTIPLE,7/29/2018,2018,7,29,PEATON,PEATON,MASCULINO,35
2018-0082,15,"Larrazabal y Garzon, Eugenio, Gral. Av.",AVENIDA,9,-58.49441273,-34.65869968,CARGAS,8/1/2018,2018,8,1,CONDUCTOR,MOTO,FEMENINO,17
2018-0083,5,"Paz, Gral. Av. y Fernandez De La Cruz, F., Gral. Av.",GRAL PAZ,8,-58.47976785,-34.69153196,CARGAS,8/2/2018,2018,8,2,CONDUCTOR,MOTO,MASCULINO,30
2018-0084,7,Av. Alicia Moreau de Justo y Cochabamba,AVENIDA,1,-58.36523349,-34.62260331,CARGAS,8/3/2018,2018,8,3,PEATON,PEATON,MASCULINO,45
2018-0085,18,"Entre Rios Av. y Garay, Juan De Av.",AVENIDA,3,-58.39118948,-34.62704273,PASAJEROS,8/3/2018,2018,8,3,PASAJERO_ACOMPAÑANTE,MOTO,FEMENINO,22
2018-0085,18,"Entre Rios Av. y Garay, Juan De Av.",AVENIDA,3,-58.39118948,-34.62704273,PASAJEROS,8/3/2018,2018,8,3,CONDUCTOR,MOTO,MASCULINO,30
2018-0086,21,Directorio Av. y Guardia Nacional,AVENIDA,9,-58.49019551,-34.65015854,PASAJEROS,8/10/2018,2018,8,10,PEATON,PEATON,MASCULINO,40
2018-0087,19,Pavon Av. Y Colombres,AVENIDA,5,-58.41644362,-34.63023775,PASAJEROS,8/15/2018,2018,8,15,PEATON,PEATON,MASCULINO,75
2018-0088,16,Av. Gral. Paz y Av. Dr. Ricardo Balbín,GRAL PAZ,12,-58.5007381,-34.5497951,CARGAS,8/17/2018,2018,8,17,CONDUCTOR,MOTO,MASCULINO,30
2018-0089,17,Pichincha Av. y Brasil,AVENIDA,4,-58.39626094,-34.63036565,PASAJEROS,8/17/2018,2018,8,17,PEATON,PEATON,MASCULINO,80
2018-0090,10,27 De Febrero Av. y Pergamino,AVENIDA,8,-58.43284809,-34.67051543,AUTO,8/18/2018,2018,8,18,CONDUCTOR,MOTO,MASCULINO,27
2018-0091,18,AU Perito Moreno KM 1.8 ALTURA BARRAGAN SENTIDO PBA,AUTOPISTA,9,-58.52280139,-34.63659934,AUTO,8/19/2018,2018,8,19,PASAJERO_ACOMPAÑANTE,AUTO,FEMENINO,23
2018-0092,8,Cordoba Av. y Gascon,AVENIDA,14,-58.4233693,-34.59774487,AUTO,8/20/2018,2018,8,20,CONDUCTOR,MOTO,MASCULINO,23
2018-0093,8,15 De Noviembre De 1889 1513,CALLE,1,-58.38691681,-34.63105973,PASAJEROS,8/20/2018,2018,8,20,PEATON,PEATON,MASCULINO,24
2018-0094,5,"Salguero, Jeronimo y Beruti",CALLE,14,-58.4116902,-34.5857988,PASAJEROS,8/23/2018,2018,8,23,CONDUCTOR,MOTO,MASCULINO,32
2018-0095,0,"Lacarra Av. y Dellepiane, Luis, Tte. Gral.",AVENIDA,9,-58.46739825,-34.65117757,AUTO,8/26/2018,2018,8,26,PASAJERO_ACOMPAÑANTE,AUTO,FEMENINO,49
2018-0096,22,"AU Héctor J. Cámpora y Roca, Cnel. Av.",AUTOPISTA,8,-58.44483258,-34.67152226,AUTO,8/31/2018,2018,8,31,PEATON,PEATON,MASCULINO,39
2018-0097,10,Av. Varela y Av. Int. Francisco Rabanal,AVENIDA,8,-58.43254025,-34.66128115,OTRO,9/2/2018,2018,9,2,CONDUCTOR,AUTO,FEMENINO,35
2018-0098,5,Av. Gral. Paz e/ Ferre y Beron de Astrada,GRAL PAZ,8,-58.47199387,-34.69640164,AUTO,9/9/2018,2018,9,9,CONDUCTOR,AUTO,MASCULINO,55
2018-0098,5,Av. Gral. Paz e/ Ferre y Beron de Astrada,GRAL PAZ,8,-58.47199387,-34.69640164,AUTO,9/9/2018,2018,9,9,PASAJERO_ACOMPAÑANTE,AUTO,MASCULINO,54
2018-0099,14,Rivadavia Av. y Pedernera,AVENIDA,7,-58.46411215,-34.62925068,PASAJEROS,9/12/2018,2018,9,12,PEATON,PEATON,MASCULINO,18
2018-0100,10,Elvira Rawson de Dellepiane 150,AVENIDA,1,-58.36217754,-34.62367156,AUTO,9/20/2018,2018,9,20,CONDUCTOR,MOTO,FEMENINO,33
2018-0101,0,"Paz, Gral. Av. y Zapiola",GRAL PAZ,12,-58.48098594,-34.5407313,MULTIPLE,9/21/2018,2018,9,21,CONDUCTOR,AUTO,MASCULINO,30
2018-0102,0,FAMATINA Y DIOGENES TABORDA,CALLE,4,-58.41083404,-34.64640709,AUTO,9/21/2018,2018,9,21,CONDUCTOR,MOTO,MASCULINO,20
2018-0103,17,Av. Castañares y Bonorino,AVENIDA,7,-58.44609828,-34.64446729,MOTO,9/27/2018,2018,9,27,PEATON,PEATON,MASCULINO,1
2018-0104,8,AU Frondizi 9 de Julio Sur y Av. Suarez,AUTOPISTA,4,-58.37709334,-34.64035082,MOTO,10/1/2018,2018,10,1,CONDUCTOR,MOTO,MASCULINO,22
2018-0105,18,Nazca Av. y Rivadavia Av.,AVENIDA,7,-58.46963952,-34.63070603,PASAJEROS,10/3/2018,2018,10,3,PEATON,PEATON,FEMENINO,56
2018-0106,22,"Figueroa Alcorta, Pres. Av. y Echeverria",AVENIDA,13,-58.43674281,-34.55161027,MOTO,10/4/2018,2018,10,4,CONDUCTOR,MOTO,MASCULINO,27
2018-0107,14,Rivadavia Av. y Jujuy Av.,AVENIDA,3,-58.4059686,-34.61011987,PASAJEROS,10/6/2018,2018,10,6,PEATON,PEATON,FEMENINO,62
2018-0108,14,"De Los Italianos Av. y Guemes, Macacha",AVENIDA,1,-58.36154069,-34.60463618,AUTO,10/9/2018,2018,10,9,CONDUCTOR,MOTO,MASCULINO,37
2018-0109,22,"Tucuman y Alem, Leandro N. Av.",AVENIDA,1,-58.37062179,-34.60066507,PASAJEROS,10/10/2018,2018,10,10,PEATON,PEATON,MASCULINO,34
2018-0110,3,"Corrientes Av. y Gallardo, Angel Av.",AVENIDA,15,-58.43220014,-34.60207186,MOTO,10/13/2018,2018,10,13,PEATON,PEATON,MASCULINO,60
2018-0111,12,AU Perito Moreno y Av. Eva Perón SENTIDO CENTRO,AUTOPISTA,9,-58.46958442,-34.64949724,CARGAS,10/19/2018,2018,10,19,CONDUCTOR,MOTO,MASCULINO,28
2018-0112,9,Muñecas y Serrano,CALLE,15,-58.44671397,-34.59970903,CARGAS,10/24/2018,2018,10,24,CONDUCTOR,MOTO,FEMENINO,28
2018-0113,11,"Artigas, Jose Gervasio, Gral. y Tres Arroyos",CALLE,11,-58.47152163,-34.61474911,CARGAS,10/25/2018,2018,10,25,CONDUCTOR,MOTO,MASCULINO,20
2018-0114,2,Solis e Independencia Av.,AVENIDA,1,-58.39032921,-34.61807951,AUTO,10/30/2018,2018,10,30,CONDUCTOR,MOTO,MASCULINO,23
2018-0115,12,"Bosch, Ventura y Paz, Gral. Av.",CALLE,9,-58.52887773,-34.64297861,PASAJEROS,10/31/2018,2018,10,31,PEATON,PEATON,MASCULINO,42
2018-0116,10,"Paz, Gral. Av. 14800",GRAL PAZ,8,-58.49371157,-34.67981324,CARGAS,11/1/2018,2018,11,1,PEATON,PEATON,MASCULINO,48
2018-0117,8,Av. Eva Perón 5321,AVENIDA,9,-58.48266599,-34.66012327,MOTO,11/4/2018,2018,11,4,CONDUCTOR,MOTO,MASCULINO,30
2018-0118,14,"Peron, Juan Domingo, Tte. General y Pueyrredon Av.",AVENIDA,3,-58.40612253,-34.60774301,MOTO,11/5/2018,2018,11,5,PEATON,PEATON,FEMENINO,80
2018-0119,22,Rabanal y San Pedrito,AVENIDA,8,-58.43613623,-34.66292532,AUTO,11/5/2018,2018,11,5,PEATON,PEATON,FEMENINO,32
2018-0120,13,Monroe y Alvarez Thomas Av.,AVENIDA,12,-58.48250732,-34.57208238,AUTO,11/9/2018,2018,11,9,PEATON,PEATON,FEMENINO,51
2018-0121,16,Rivadavia Av. y Manzoni,AVENIDA,10,-58.49945705,-34.6374328,PASAJEROS,11/9/2018,2018,11,9,PEATON,PEATON,FEMENINO,72
2018-0122,1,AU Dellepiane Luis Tte. Gral. y Larrazabal,AUTOPISTA,8,-58.47743966,-34.67233407,AUTO,11/12/2018,2018,11,12,CONDUCTOR,AUTO,MASCULINO,33
2018-0123,3,"Paz, Gral. Av. y Peron, Eva Av.",GRAL PAZ,9,-58.5025179,-34.67450313,AUTO,11/12/2018,2018,11,12,CONDUCTOR,AUTO,MASCULINO,25
2018-0124,19,AU Perito Moreno y Reservistas Argentinos,AUTOPISTA,9,-58.52144411,-34.63682499,CARGAS,11/15/2018,2018,11,15,CONDUCTOR,CARGAS,MASCULINO,44
2018-0125,21,Saenz Av. y Ventana,AVENIDA,4,-58.41650465,-34.65084045,PASAJEROS,11/16/2018,2018,11,16,PEATON,PEATON,MASCULINO,29
2018-0126,12,Avda. General Paz y Cnel. Ramón Falcón,GRAL PAZ,9,-58.52994219,-34.64055918,AUTO,11/18/2018,2018,11,18,CONDUCTOR,MOTO,MASCULINO,27
2018-0127,9,Av. Gral. Paz y Av. de los Constituyentes,GRAL PAZ,12,-58.50993046,-34.56919739,MOTO,11/19/2018,2018,11,19,CONDUCTOR,MOTO,MASCULINO,29
2018-0128,4,"Paz, Gral. Av. 11200",GRAL PAZ,9,-58.52844623,-34.64592873,PASAJEROS,11/25/2018,2018,11,25,PASAJERO_ACOMPAÑANTE,AUTO,MASCULINO,49
2018-0128,4,"Paz, Gral. Av. 11200",GRAL PAZ,9,-58.52844623,-34.64592873,PASAJEROS,11/25/2018,2018,11,25,PASAJERO_ACOMPAÑANTE,AUTO,FEMENINO,39
2018-0129,4,"Newbery, Jorge Av. y Guevara",AVENIDA,15,-58.45021367,-34.58695347,PASAJEROS,11/28/2018,2018,11,28,CONDUCTOR,MOTO,MASCULINO,37
2018-0130,3,Gaona Av. y Segurola Av.,AVENIDA,10,-58.49022072,-34.62770192,PASAJEROS,12/3/2018,2018,12,3,CONDUCTOR,MOTO,MASCULINO,30
2018-0131,19,"Madero, Eduardo Av. 550",AVENIDA,1,-58.36860866,-34.60106568,CARGAS,12/7/2018,2018,12,7,CONDUCTOR,MOTO,MASCULINO,29
2018-0132,8,"AU Arturo Illia y Castillo, Ramon S.",AUTOPISTA,2,-58.39490504,-34.57241534,CARGAS,12/12/2018,2018,12,12,PEATON,PEATON,MASCULINO,70
2018-0133,14,Nazca Av. y Rivadavia Av.,AVENIDA,7,-58.46963952,-34.63070603,CARGAS,12/12/2018,2018,12,12,PEATON,PEATON,FEMENINO,60
2018-0134,21,La Plata Av. y Caseros Av.,AVENIDA,7,-58.42349365,-34.64019887,MOTO,12/12/2018,2018,12,12,PEATON,PEATON,MASCULINO,56
2018-0135,14,Belgrano Av. y Peru,AVENIDA,1,-58.37471802,-34.61265002,PASAJEROS,12/18/2018,2018,12,18,PEATON,PEATON,MASCULINO,80
2018-0136,15,Rivadavia Av. 7013,AVENIDA,7,-58.46438789,-34.62913916,PASAJEROS,12/18/2018,2018,12,18,PEATON,PEATON,FEMENINO,70
2018-0137,20,Adolfo Alsina y Santiago del Estero,CALLE,1,-58.38481975,-34.61100424,PASAJEROS,12/18/2018,2018,12,18,PASAJERO_ACOMPAÑANTE,MOTO,MASCULINO,29
2018-0138,9,Bermudez 1893,CALLE,10,-58.50751833,-34.62073702,PASAJEROS,12/21/2018,2018,12,21,PASAJERO_ACOMPAÑANTE,PASAJEROS,FEMENINO,79
2018-0139,6,Santander 1974,CALLE,7,-58.44682986,-34.63888084,MOTO,12/22/2018,2018,12,22,PASAJERO_ACOMPAÑANTE,MOTO,MASCULINO,28
2018-0140,8,Julieta Lanteri 1400,CALLE,1,-58.3600465,-34.61381341,AUTO,12/22/2018,2018,12,22,CONDUCTOR,AUTO,MASCULINO,78
2018-0141,17,Maza y Av. Independencia,AVENIDA,5,-58.41509546,-34.62085945,MOTO,12/22/2018,2018,12,22,PEATON,PEATON,MASCULINO,75
2018-0142,13,"PAZ, GRAL. AV. 5172",GRAL PAZ,12,-58.50997604,-34.57251072,PASAJEROS,12/25/2018,2018,12,25,PASAJERO_ACOMPAÑANTE,CARGAS,MASCULINO,32
2018-0143,5,"Olivera Av. y Alberdi, Juan Bautista Av.",AVENIDA,10,-58.48606475,-34.64047818,AUTO,12/29/2018,2018,12,29,CONDUCTOR,MOTO,MASCULINO,22
2019-0001,8,"CASTILLO, RAMON S., PRES. AV. Y CALLE 12",AVENIDA,2,-58.38526125,-34.5780581,CARGAS,1/8/2019,2019,1,8,CONDUCTOR,MOTO,MASCULINO,25
2019-0002,4,"CASTAÑARES AV. Y MORENO, PERITO AV.",AVENIDA,7,-58.45463662,-34.65082149,CARGAS,1/9/2019,2019,1,9,CONDUCTOR,AUTO,MASCULINO,32
2019-0003,8,SAN MARTIN AV. Y TERRADA,AVENIDA,15,-58.49121672,-34.59718073,AUTO,1/12/2019,2019,1,12,CONDUCTOR,MOTO,MASCULINO,23
2019-0004,19,"PERON, EVA AV. Y MEDINA",AVENIDA,9,-58.47325712,-34.65284605,PASAJEROS,1/14/2019,2019,1,14,CONDUCTOR,AUTO,MASCULINO,71
2019-0005,12,"JUSTO, JUAN B. AV. Y ALVAREZ JONTE AV.",AVENIDA,10,-58.52108101,-34.63382309,CARGAS,1/19/2019,2019,1,19,CONDUCTOR,MOTO,MASCULINO,43
2019-0006,5,"OBLIGADO RAFAEL, AV. COSTANERA 4650",AVENIDA,14,-58.41652702,-34.55509606,AUTO,1/23/2019,2019,1,23,PEATON,PEATON,FEMENINO,12
2019-0007,19,"MITRE, BARTOLOME Y YATAY",CALLE,5,-58.42891604,-34.6107166,AUTO,1/26/2019,2019,1,26,CONDUCTOR,MOTO,MASCULINO,35
2019-0008,22,"PAZ, GRAL. AV. 16080",GRAL PAZ,8,-58.47802293,-34.69156793,MULTIPLE,1/30/2019,2019,1,30,CONDUCTOR,MOTO,MASCULINO,42
2019-0009,14,CHACABUCO Y SAN JUAN AV.,AVENIDA,1,-58.37564821,-34.62200207,AUTO,1/31/2019,2019,1,31,CONDUCTOR,MOTO,MASCULINO,34
2019-0010,7,DEL LIBERTADOR AV. 4100,AVENIDA,14,-58.42668489,-34.56961468,AUTO,2/2/2019,2019,2,2,PEATON,PEATON,MASCULINO,30
2019-0010,7,DEL LIBERTADOR AV. 4100,AVENIDA,14,-58.42668489,-34.56961468,AUTO,2/2/2019,2019,2,2,PEATON,PEATON,MASCULINO,59
2019-0011,1,"PAZ, GRAL. AV. Y ALBERDI, JUAN BAUTISTA AV.",GRAL PAZ,9,-58.5183993,-34.66252488,AUTO,2/10/2019,2019,2,10,PEATON,PEATON,MASCULINO,30
2019-0012,3,"CASTAÑARES AV. Y GORDILLO, TIMOTEO",AVENIDA,8,-58.48432691,-34.67665828,AUTO,2/17/2019,2019,2,17,CONDUCTOR,MOTO,MASCULINO,31
2019-0013,7,SALVIGNY Y MOM,CALLE,7,-58.4338383,-34.64457699,AUTO,2/20/2019,2019,2,20,PEATON,PEATON,MASCULINO,39
2019-0014,17,"LAMARCA, EMILIO 5402",CALLE,11,-58.51664939,-34.58657938,OBJETO FIJO,2/20/2019,2019,2,20,CONDUCTOR,MOTO,MASCULINO,69
2019-0015,6,SAN MARTIN AV. 5638,AVENIDA,11,-58.49613012,-34.59703502,OBJETO FIJO,2/23/2019,2019,2,23,CONDUCTOR,AUTO,MASCULINO,21
2019-0016,2,"CARRILLO, RAMON, DR. Y FINOCHIETTO ENRIQUE DR.",CALLE,4,-58.38313603,-34.63356284,PASAJEROS,2/24/2019,2019,2,24,CONDUCTOR,MOTO,MASCULINO,40
2019-0017,7,MEXICO Y PICHINCHA,CALLE,3,-58.39914719,-34.61632317,PASAJEROS,3/3/2019,2019,3,3,CONDUCTOR,AUTO,MASCULINO,22
2019-0018,23,"CANTILO, INT. Y UDAONDO, GUILLERMO AV.",AUTOPISTA,13,-58.44927253,-34.54048625,AUTO,3/3/2019,2019,3,3,PEATON,PEATON,FEMENINO,29
2019-0019,12,DEL LIBERTADOR AV. 6326,AVENIDA,13,-58.45049163,-34.55374003,AUTO,3/6/2019,2019,3,6,CONDUCTOR,MOTO,MASCULINO,30
2019-0020,21,CHICLANA AV. 3444,AVENIDA,5,-58.41288952,-34.63572989,AUTO,3/7/2019,2019,3,7,CONDUCTOR,MOTO,MASCULINO,43
2019-0021,22,BOYACA AV. Y YERBAL,AVENIDA,7,-58.45743597,-34.62561234,AUTO,3/15/2019,2019,3,15,CONDUCTOR,MOTO,MASCULINO,23
2019-0022,0,ENTRE RIOS AV. BAJO PUENTE AUTOPISTA (1260 APROX),AVENIDA,1,-58.39123782,-34.62352245,AUTO,3/15/2019,2019,3,15,PASAJERO_ACOMPAÑANTE,AUTO,MASCULINO,30
2019-0023,8,"PAZ, GRAL. AV. Y JACQUES, AMADEO",GRAL PAZ,9,-58.52922765,-34.63637963,OBJETO FIJO,3/16/2019,2019,3,16,CONDUCTOR,AUTO,MASCULINO,34
2019-0024,7,ANTARTIDA ARGENTINA AV. 1325,AVENIDA,1,-58.37208118,-34.58541957,CARGAS,3/19/2019,2019,3,19,CONDUCTOR,MOTO,MASCULINO,32
2019-0025,13,"MITRE, BARTOLOME Y SANCHEZ DE BUSTAMANTE",CALLE,5,-58.41458534,-34.60937557,AUTO,3/22/2019,2019,3,22,PEATON,PEATON,MASCULINO,27
2019-0026,7,"FERNANDEZ DE LA CRUZ, F. , GRAL. AV. Y LARRAZABAL",AVENIDA,8,-58.47976785,-34.69153196,PASAJEROS,3/28/2019,2019,3,28,PEATON,PEATON,MASCULINO,30
2019-0027,11,SANTA FE AV. Y AZCUENAGA,AVENIDA,2,-58.39990285,-34.59511714,MULTIPLE,3/28/2019,2019,3,28,CICLISTA,BICICLETA,MASCULINO,37
2019-0028,9,"JUSTO, JUAN B. AV. y OROÑO, NICASIO",AVENIDA,11,-58.46051346,-34.60588536,PASAJEROS,4/6/2019,2019,4,6,PEATON,PEATON,FEMENINO,30
2019-0029,10,"FERNANDEZ DE LA CRUZ, F. , GRAL. AV. Y LACARRA AV.",AVENIDA,8,-58.47976785,-34.69153196,OBJETO FIJO,4/7/2019,2019,4,7,CONDUCTOR,MOTO,MASCULINO,27
2019-0030,16,"ALVAREZ, DONATO, TTE. GRAL. Y YERBAL",CALLE,7,-58.45457546,-34.62447891,CARGAS,4/9/2019,2019,4,9,CONDUCTOR,MOTO,MASCULINO,25
2019-0031,19,"CORDOBA AV. Y MADERO, EDUARDO AV.",AVENIDA,1,-58.36951669,-34.59832047,CARGAS,4/12/2019,2019,4,12,CICLISTA,BICICLETA,MASCULINO,20
2019-0032,11,"CAMARONES Y ALVAREZ, DONATO, TTE. GRAL. AV.",AVENIDA,11,-58.46415322,-34.6044379,AUTO,4/16/2019,2019,4,16,PEATON,PEATON,FEMENINO,83
2019-0033,1,"AUTOPISTA 25 DE MAYO Y HUERGO, ING. AV.",AUTOPISTA,1,-58.36607137,-34.62150748,AUTO,4/18/2019,2019,4,18,CONDUCTOR,MOTO,MASCULINO,25
2019-0034,9,"MORENO, PERITO AV. 3050",AVENIDA,7,-58.45537373,-34.65093074,OBJETO FIJO,4/21/2019,2019,4,21,CONDUCTOR,MOTO,MASCULINO,30
2019-0035,14,SUIPACHA 665,CALLE,1,-58.37942637,-34.60053054,BICICLETA,4/23/2019,2019,4,23,PEATON,PEATON,FEMENINO,75
2019-0036,22,RIGLOS Y FORMOSA,CALLE,6,-58.4368044,-34.62147504,AUTO,4/26/2019,2019,4,26,CONDUCTOR,MOTO,MASCULINO,34
2019-0037,23,LA RIOJA E INDEPENDENCIA AV.,AVENIDA,3,-58.40778291,-34.61971907,AUTO,5/1/2019,2019,5,1,CONDUCTOR,MOTO,MASCULINO,17
2019-0038,14,"UDAONDO, GUILLERMO AV. Y FIGUEROA ALCORTA, PRES. AV.",AVENIDA,13,-58.45212523,-34.54628513,MOTO,5/4/2019,2019,5,4,PEATON,PEATON,FEMENINO,42
2019-0039,3,SAN PEDRITO AV. Y DIRECTORIO AV.,AVENIDA,7,-58.46749188,-34.63551751,AUTO,5/9/2019,2019,5,9,CONDUCTOR,MOTO,MASCULINO,28
2019-0040,12,PUAN Y SANTANDER,CALLE,7,-58.4426358,-34.63679732,AUTO,5/9/2019,2019,5,9,CONDUCTOR,MOTO,MASCULINO,44
2019-0041,20,"ALBERDI, JUAN BAUTISTA AV. Y ANDALGALA",AVENIDA,9,-58.51140289,-34.65846419,MULTIPLE,5/11/2019,2019,5,11,PASAJERO_ACOMPAÑANTE,AUTO,FEMENINO,78
2019-0042,15,LIMA Y CONSTITUCION,CALLE,1,-58.38211431,-34.62465368,PASAJEROS,5/14/2019,2019,5,14,PEATON,PEATON,MASCULINO,39
2019-0043,9,"CORDOBA AV. Y MADERO, EDUARDO AV.",AVENIDA,1,-58.36951669,-34.59832047,CARGAS,5/21/2019,2019,5,21,CICLISTA,BICICLETA,FEMENINO,30
2019-0044,12,BOEDO AV. 650,AVENIDA,5,-58.41635217,-34.62036547,MOTO,5/27/2019,2019,5,27,PEATON,PEATON,FEMENINO,77
2019-0045,7,DEL LIBERTADOR AV. Y REPUBLICA DE LA INDIA,AVENIDA,14,-58.41316147,-34.57579669,CARGAS,6/3/2019,2019,6,3,CONDUCTOR,MOTO,MASCULINO,33
2019-0046,9,GRAL PAZ Y CABILDO,GRAL PAZ,13,-58.47617802,-34.53825652,AUTO,6/4/2019,2019,6,4,PASAJERO_ACOMPAÑANTE,MOTO,FEMENINO,26
2019-0047,10,CASEROS AV. 1700,AVENIDA,4,-58.38641783,-34.63330028,CARGAS,6/6/2019,2019,6,6,PEATON,PEATON,MASCULINO,76
2019-0048,7,AVELLANEDA AV. 1548,AVENIDA,6,-58.45322169,-34.62038137,CARGAS,6/7/2019,2019,6,7,CONDUCTOR,MOTO,MASCULINO,32
2019-0049,9,CIUDAD DE LA PAZ Y MENDOZA,CALLE,13,-58.45849057,-34.56166498,CARGAS,6/8/2019,2019,6,8,PEATON,PEATON,FEMENINO,72
2019-0050,23,"SALGUERO, JERONIMO Y HONDURAS AV.",AVENIDA,14,-58.41829559,-34.59411677,CARGAS,6/8/2019,2019,6,8,CONDUCTOR,MOTO,MASCULINO,21
2019-0051,10,"FILIBERTO, JUAN DE DIOS Y OLAVARRIA",CALLE,4,-58.36376488,-34.63832093,AUTO,6/11/2019,2019,6,11,CONDUCTOR,MOTO,MASCULINO,41
2019-0053,17,ASTURIAS AV. Y CASTAÑARES AV.,AVENIDA,8,-58.46442668,-34.66004784,AUTO,6/14/2019,2019,6,14,PASAJERO_ACOMPAÑANTE,AUTO,MASCULINO,49
2019-0054,3,GANDARA 2976,CALLE,15,-58.48222035,-34.58428769,OBJETO FIJO,6/20/2019,2019,6,20,CONDUCTOR,MOTO,MASCULINO,21
2019-0055,19,"GUEVARA, TRINIDAD Y MADERO, EDUARDO AV.",AVENIDA,1,-58.36819005,-34.60283208,PASAJEROS,6/20/2019,2019,6,20,CONDUCTOR,MOTO,MASCULINO,47
2019-0056,17,BOYACA AV. 305,AVENIDA,7,-58.45877601,-34.62330939,AUTO,6/29/2019,2019,6,29,PEATON,PEATON,FEMENINO,75
2019-0057,19,ARTILLEROS Y LA PAMPA,CALLE,13,-58.44196498,-34.55760517,AUTO,7/5/2019,2019,7,5,PEATON,PEATON,FEMENINO,63
2019-0058,9,AUTOPISTA PERITO MORENO ALTURA PASO A NIVEL DE IRIGOYEN,AUTOPISTA,10,-58.50622631,-34.63627822,PASAJEROS,7/10/2019,2019,7,10,CONDUCTOR,MOTO,MASCULINO,39
2019-0059,22,15 DE NOVIEMBRE DE 1889 Y SANTIAGO DEL ESTERO,CALLE,1,-58.3841088,-34.63099197,PASAJEROS,7/13/2019,2019,7,13,CONDUCTOR,MOTO,MASCULINO,30
2019-0060,11,"ACOSTA, MARIANO AV. Y FALCON, RAMON L., CNEL.",AVENIDA,10,-58.48100602,-34.63504312,AUTO,7/17/2019,2019,7,17,PEATON,PEATON,FEMENINO,78
2019-0061,18,11 DE SEPTIEMBRE DE 1888 Y MENDOZA,CALLE,13,-58.45200171,-34.5578132,PASAJEROS,7/17/2019,2019,7,17,PEATON,PEATON,FEMENINO,58
2019-0062,23,"PINO, VIRREY DEL Y CAMPOS, LUIS M. AV.",AVENIDA,13,-58.44462132,-34.56201105,PASAJEROS,8/1/2019,2019,8,1,PEATON,PEATON,FEMENINO,60
2019-0063,1,FOREST AV. Y MAURE,AVENIDA,15,-58.45220688,-34.58711712,PASAJEROS,8/4/2019,2019,8,4,PASAJERO_ACOMPAÑANTE,MOTO,MASCULINO,30
2019-0064,3,"BOYACA AV. Y AVELLANEDA AV,",AVENIDA,7,-58.4596221,-34.6224514,AUTO,8/6/2019,2019,8,6,CONDUCTOR,MOTO,MASCULINO,20
2019-0065,16,BARCO CENTENERA DEL Y TILCARA,CALLE,4,-58.4197085,-34.65414867,PASAJEROS,8/8/2019,2019,8,8,PEATON,PEATON,FEMENINO,55
2019-0066,21,RIESTRA AV. Y BOLIVAR,AVENIDA,7,-58.44187596,-34.64938031,AUTO,8/11/2019,2019,8,11,PEATON,PEATON,MASCULINO,40
2019-0067,15,"CASTRO, EMILIO 4706",CALLE,10,-58.49101637,-34.64276621,CARGAS,8/14/2019,2019,8,14,CONDUCTOR,MOTO,MASCULINO,35
2019-0068,17,27 DE FEBRERO AV. 5600,AVENIDA,8,-58.42493829,-34.66256502,MOTO,8/14/2019,2019,8,14,CONDUCTOR,MOTO,MASCULINO,53
2019-0069,5,"GARAY, JUAN DE AV. 2874",AVENIDA,4,-58.40489318,-34.62930162,AUTO,8/17/2019,2019,8,17,CONDUCTOR,MOTO,MASCULINO,43
2019-0070,12,"SCALABRINI ORTIZ, RAUL AV. y GORRITI",AVENIDA,14,-58.4268668,-34.59217875,BICICLETA,8/22/2019,2019,8,22,CONDUCTOR,MOTO,MASCULINO,25
2019-0071,11,PRIMERA JUNTA Y OLIVERA AV.,AVENIDA,9,-58.479611,-34.65620398,CARGAS,8/27/2019,2019,8,27,PEATON,PEATON,MASCULINO,30
2019-0072,6,"ALBERDI, JUAN BAUTISTA AV. Y AZUL",AVENIDA,10,-58.47439934,-34.63524207,AUTO,8/28/2019,2019,8,28,CONDUCTOR,AUTO,MASCULINO,22
2019-0073,1,ALVAREZ THOMAS AV. 1788,AVENIDA,15,-58.46711912,-34.57926018,OBJETO FIJO,8/29/2019,2019,8,29,CONDUCTOR,AUTO,MASCULINO,29
2019-0074,9,"LUGONES, LEOPOLDO AV. Y PAZ, GRAL. AV.",AUTOPISTA,13,-58.46514781,-34.53465378,CARGAS,8/29/2019,2019,8,29,CONDUCTOR,MOTO,MASCULINO,35
2019-0075,23,SAN ANTONIO Y LUJAN,CALLE,4,-58.37571078,-34.65584079,PASAJEROS,8/30/2019,2019,8,30,CONDUCTOR,MOTO,MASCULINO,31
2019-0076,18,AUTOPISTA 1 SUR PRESIDENTE ARTURO FRONDIZI ALTURA DON PEDRO DE MENDOZA AV.,AUTOPISTA,4,-58.37157668,-34.65429986,CARGAS,9/5/2019,2019,9,5,CONDUCTOR,MOTO,FEMENINO,29
2019-0077,3,"FIGUEROA ALCORTA, PRES. AV. Y TAGLE",AVENIDA,14,-58.39811256,-34.58070186,AUTO,9/8/2019,2019,9,8,PEATON,PEATON,FEMENINO,28
2019-0078,8,"EINSTEIN, ALBERTO Y ALCORTA, AMANCIO AV.",AVENIDA,4,-58.41125934,-34.6541774,CARGAS,9/12/2019,2019,9,12,PEATON,PEATON,FEMENINO,72
2019-0079,5,AGRELO Y COLOMBRES,CALLE,5,-58.41822901,-34.61866836,PASAJEROS,9/17/2019,2019,9,17,CONDUCTOR,MOTO,MASCULINO,57
2019-0080,18,"CABILDO AV. y PAZ, GRAL. AV.",GRAL PAZ,13,-58.47617802,-34.53825652,MOTO,9/17/2019,2019,9,17,PEATON,PEATON,MASCULINO,76
2019-0081,16,ELCANO AV. 4300,AVENIDA,15,-58.46141281,-34.58623761,PASAJEROS,9/23/2019,2019,9,23,PEATON,PEATON,MASCULINO,67
2019-0082,7,"RABANAL, FRANCISCO, INTENDENTE AV. 2428",AVENIDA,8,-58.42985146,-34.6611974,CARGAS,9/25/2019,2019,9,25,CICLISTA,BICICLETA,MASCULINO,47
2019-0083,8,MONTE Y CORVALAN,CALLE,9,-58.48457413,-34.6583909,AUTO,9/26/2019,2019,9,26,CONDUCTOR,AUTO,MASCULINO,73
2019-0084,11,TANDIL Y LA FUENTE,CALLE,7,-58.46572884,-34.63628186,CARGAS,9/27/2019,2019,9,27,CICLISTA,BICICLETA,FEMENINO,40
2019-0085,22,CARDOSO Y BACACAY,CALLE,10,-58.49261744,-34.6341913,TREN,10/9/2019,2019,10,9,CICLISTA,BICICLETA,MASCULINO,20
2019-0086,14,CORRIENTES AV. 6700,AVENIDA,15,-58.45283186,-34.5884156,PASAJEROS,10/15/2019,2019,10,15,CONDUCTOR,MOTO,MASCULINO,29
2019-0087,21,ALVAREZ THOMAS AV. Y MENDOZA,AVENIDA,12,-58.47973681,-34.57418656,MOTO,10/21/2019,2019,10,21,CONDUCTOR,MOTO,MASCULINO,41
2019-0088,20,"ALCORTA, AMANCIO AV. Y BONAVENA, OSCAR NATALIO",AVENIDA,4,-58.40623949,-34.65076549,PASAJEROS,10/22/2019,2019,10,22,PEATON,PEATON,MASCULINO,27
2019-0089,15,"BROWN, ALTE. AV. Y BLANES, JUAN MANUEL",AVENIDA,4,-58.36244648,-34.63107887,CARGAS,10/23/2019,2019,10,23,PEATON,PEATON,FEMENINO,92
2019-0090,18,"ALBERDI, JUAN BAUTISTA AV. 5455",AVENIDA,9,-58.49962423,-34.64868027,MOTO,10/24/2019,2019,10,24,PEATON,PEATON,MASCULINO,67
2019-0091,20,"JUSTO, JUAN B. AV. Y CAMARGO",AVENIDA,15,-58.44551437,-34.59559816,PASAJEROS,11/1/2019,2019,11,1,PEATON,PEATON,MASCULINO,35
2019-0092,10,"BRIN, MINISTRO Y SUAREZ",CALLE,4,-58.35608181,-34.63420319,PASAJEROS,11/3/2019,2019,11,3,PEATON,PEATON,MASCULINO,37
2019-0093,11,"NIZA Y JUSTO, JUAN B. AV.",AVENIDA,11,-58.46483679,-34.60907662,OTRO,11/13/2019,2019,11,13,CICLISTA,BICICLETA,MASCULINO,16
2019-0094,14,CAMARGO Y SERRANO,CALLE,15,-58.44368628,-34.59724326,OTRO,11/18/2019,2019,11,18,PASAJERO_ACOMPAÑANTE,MOTO,FEMENINO,30
2019-0095,15,AUTOPISTA 1 SUR PRESIDENTE ARTURO FRONDIZI ALTURA CASEROS AV.,AUTOPISTA,1,-58.37864583,-34.62907067,CARGAS,11/20/2019,2019,11,20,CONDUCTOR,MOTO,MASCULINO,30
2019-0096,19,CASEROS AV. Y PIEDRAS,AVENIDA,1,-58.37560352,-34.62726382,PASAJEROS,11/22/2019,2019,11,22,PEATON,PEATON,MASCULINO,73
2019-0097,8,"AUTOPISTA PERITO MORENO KM 5,6",AUTOPISTA,9,-58.47721439,-34.64815069,MULTIPLE,11/25/2019,2019,11,25,PASAJERO_ACOMPAÑANTE,MOTO,FEMENINO,23
2019-0098,14,GUZMAN 365,AVENIDA,15,-58.45134029,-34.58984288,PASAJEROS,11/25/2019,2019,11,25,PASAJERO_ACOMPAÑANTE,PASAJEROS,FEMENINO,61
2019-0100,17,de los constituyentes av. 4300,AVENIDA,12,-58.49040794,-34.58368803,AUTO,12/5/2019,2019,12,5,CONDUCTOR,MOTO,MASCULINO,38
2019-0101,4,"MORENO, PERITO AV. Y TILCARA AV.",AVENIDA,4,-58.42102679,-34.64991178,MOTO,12/17/2019,2019,12,17,CONDUCTOR,MOTO,MASCULINO,25
2019-0102,14,"IBARROLA Y GORDILLO, TIMOTEO",CALLE,9,-58.52219407,-34.64143926,AUTO,12/17/2019,2019,12,17,CONDUCTOR,MOTO,MASCULINO,18
2019-0103,0,"PAZ, GRAL. AV. Y GRIVEO",GRAL PAZ,11,-58.52169422,-34.5947164,MOTO,12/18/2019,2019,12,18,CONDUCTOR,MOTO,MASCULINO,24
2019-0104,4,RIVADAVIA AV. Y PERGAMINO,AVENIDA,10,-58.47460416,-34.63206174,AUTO,12/21/2019,2019,12,21,PASAJERO_ACOMPAÑANTE,MOTO,FEMENINO,23
2019-0105,11,SANTO TOME Y SEGUROLA AV.,AVENIDA,10,-58.50512382,-34.61520391,AUTO,5/5/2019,2019,5,5,PEATON,PEATON,FEMENINO,82
2020-0001,10,URIARTE Y LOYOLA,CALLE,15,-58.43910409,-34.59213355,AUTO,1/4/2020,2020,1,4,PEATON,PEATON,FEMENINO,87
2020-0002,20,SARAZA Y VARELA AV.,AVENIDA,7,-58.45019436,-34.64646409,OBJETO FIJO,1/5/2020,2020,1,5,CONDUCTOR,MOTO,MASCULINO,36
2020-0003,6,RIVADAVIA AV. Y COMBATE DE LOS POZOS,AVENIDA,3,-58.39337644,-34.60927582,AUTO,1/11/2020,2020,1,11,PEATON,PEATON,MASCULINO,44
2020-0004,21,RODRIGUEZ PEÑA Y RIVADAVIA AV.,AVENIDA,1,-58.39055614,-34.60919284,PASAJEROS,1/14/2020,2020,1,14,PEATON,PEATON,MASCULINO,82
2020-0005,6,24 DE NOVIEMBRE Y SAN JUAN AV.,AVENIDA,3,-58.41036975,-34.62477021,PASAJEROS,1/14/2020,2020,1,14,CONDUCTOR,MOTO,MASCULINO,25
2020-0006,12,LAFUENTE AV. 2250,AVENIDA,8,-58.44925765,-34.65412546,CARGAS,1/20/2020,2020,1,20,CONDUCTOR,MOTO,MASCULINO,23
2020-0007,0,CHILE Y LIMA ,CALLE,1,-58.3815685,-34.61648696,MOTO,1/27/2020,2020,1,27,PEATON,PEATON,MASCULINO,52
2020-0008,7,CORDOBA AV. Y JEAN JAURES,AVENIDA,2,-58.40662899,-34.59804521,CARGAS,1/30/2020,2020,1,30,CONDUCTOR,MOTO,MASCULINO,49
2020-0009,14,"PERON, JUAN DOMINGO, TTE. GENERAL Y SALGUERO, JERONIMO",CALLE,5,-58.41985649,-34.6060085,AUTO,2/4/2020,2020,2,4,PEATON,PEATON,MASCULINO,48
2020-0010,5,9 DE JULIO AV. Y SAN JUAN AV.,AVENIDA,1,-58.38099833,-34.62214953,OBJETO FIJO,2/8/2020,2020,2,8,CONDUCTOR,MOTO,MASCULINO,30
2020-0011,11,COLOMBRES 466,CALLE,5,-58.41803309,-34.61823178,CARGAS,2/12/2020,2020,2,12,CONDUCTOR,MOTO,MASCULINO,31
2020-0012,21,MEXICO 2860,CALLE,3,-58.40604003,-34.61783553,MOTO,2/18/2020,2020,2,18,PEATON,PEATON,FEMENINO,66
2020-0013,12,COMBATIENTES DE MALVINAS AV. Y TRIUNVITARO AV.,AVENIDA,15,-58.47549929,-34.57994061,MOTO,2/20/2020,2020,2,20,PEATON,PEATON,FEMENINO,58
2020-0014,2,BERMUDEZ Y NOGOYA,CALLE,11,-58.51398484,-34.61600366,PASAJEROS,2/27/2020,2020,2,27,CONDUCTOR,MOTO,MASCULINO,30
2020-0015,14,BRASIL AV. Y PASEO COLON AV.,AVENIDA,1,-58.36797542,-34.62519403,PASAJEROS,2/28/2020,2020,2,28,CONDUCTOR,MOTO,MASCULINO,29
2020-0016,13,"ALEM,LEANDRO N. AV. 770",AVENIDA,1,-58.37133616,-34.59879316,PASAJEROS,2/29/2020,2020,2,29,PEATON,PEATON,MASCULINO,68
2020-0017,23,BELGRANO AV. Y RINCON,AVENIDA,3,-58.39613805,-34.61413568,AUTO,3/5/2020,2020,3,5,PEATON,PEATON,MASCULINO,30
2020-0018,14,"UDAONDO, GUILLERMO AV. 901",AVENIDA,13,-58.44903073,-34.54200276,OBJETO FIJO,3/9/2020,2020,3,9,CONDUCTOR,MOTO,MASCULINO,31
2020-0019,21,CONSTITUCION Y CASTRO,CALLE,5,-58.41972364,-34.6284667,AUTO,3/10/2020,2020,3,10,PEATON,PEATON,FEMENINO,80
2020-0020,17,"PUEYRREDON AV. Y GOMEZ, VALENTIN",AVENIDA,3,-58.40571596,-34.60557123,MOTO,3/13/2020,2020,3,13,PEATON,PEATON,FEMENINO,74
2020-0021,16,"BRAVO, MARIO 1279",CALLE,2,-58.4145159,-34.59488319,AUTO,3/14/2020,2020,3,14,PEATON,PEATON,FEMENINO,87
2020-0022,6,"DELLEPIANE, LUIS, TTE. GRAL. Y ESCALADA AV.",AUTOPISTA,9,-58.47297505,-34.66245085,CARGAS,4/7/2020,2020,4,7,PASAJERO_ACOMPAÑANTE,AUTO,MASCULINO,44
2020-0023,18,"ARAOZ DE LAMADRID, GREGORIO, GRAL. Y BROWN, ALTE. AV.",AVENIDA,4,-58.35791192,-34.63695178,CARGAS,4/9/2020,2020,4,9,CONDUCTOR,AUTO,MASCULINO,44
2020-0024,7,MURGUIONDO 1339,CALLE,9,-58.50801713,-34.65177305,AUTO,4/24/2020,2020,4,24,CONDUCTOR,AUTO,MASCULINO,53
2020-0025,5,RIVADAVIA AV. 2551,AVENIDA,3,-58.40258477,-34.60975108,AUTO,5/12/2020,2020,5,12,PEATON,PEATON,MASCULINO,30
2020-0026,6,"LUGONES, LEOPOLDO AV. KM 6,1",AUTOPISTA,14,-58.441664463445676,-34.61969973512046,OBJETO FIJO,5/17/2020,2020,5,17,CONDUCTOR,MOTO,MASCULINO,28
2020-0027,8,"DELLEPIANE, LUIS, TTE. GRAL. Y MONTIEL",AVENIDA,8,-58.48267426,-34.68454456,CARGAS,5/18/2020,2020,5,18,PEATON,PEATON,MASCULINO,76
2020-0028,10,"SCALABRINI ORTIZ, RAUL AV. Y WARNES AV.",AVENIDA,15,-58.44248936,-34.60221948,PASAJEROS,5/19/2020,2020,5,19,PEATON,PEATON,MASCULINO,91
2020-0029,14,"PAZ, GRAL. AV. y ROFFO, ANGEL H., DR.",GRAL PAZ,9,-58.52909134,-34.63886726,PASAJEROS,6/10/2020,2020,6,10,PEATON,PEATON,MASCULINO,80
2020-0030,15,SAN MARTIN AV. 1550,AVENIDA,6,-58.45158942,-34.6064658,MULTIPLE,6/16/2020,2020,6,16,CONDUCTOR,MOTO,MASCULINO,40
2020-0031,8,"GARZON, EUGENIO, GRAL. AV. y LARRAYA",AVENIDA,9,-58.49344309,-34.65788529,CARGAS,6/30/2020,2020,6,30,CONDUCTOR,MOTO,MASCULINO,29
2020-0032,23,CORRIENTES AV. Y SERRANO,AVENIDA,15,-58.44259166,-34.59635137,AUTO,7/10/2020,2020,7,10,CONDUCTOR,MOTO,MASCULINO,21
2020-0033,6,"PAZ, GRAL. AV. Y DEL LIBERTADOR AV.",GRAL PAZ,13,-58.46743471,-34.53476874,OBJETO FIJO,7/19/2020,2020,7,19,CONDUCTOR,AUTO,MASCULINO,32
2020-0034,3,"MITRE, BARTOLOME Y ANCHORENA, TOMAS MANUEL DE, DR.",CALLE,3,-58.41178158,-34.60922259,AUTO,8/2/2020,2020,8,2,PEATON,PEATON,FEMENINO,30
2020-0035,5,"AU 25 DE MAYO ALTURA PUMACAHUA Y RECUERO, CASIMIRO, TTE. CNEL.",AUTOPISTA,7,-58.45068621,-34.63638927,PASAJEROS,8/4/2020,2020,8,4,CONDUCTOR,MOTO,MASCULINO,40
2020-0036,18,"SCALABRINI ORTIZ, RAUL AV. Y PARAGUAY",AVENIDA,14,-58.42016954,-34.5877879,MOTO,8/7/2020,2020,8,7,PEATON,PEATON,MASCULINO,72
2020-0037,4,"FERNANDEZ DE LA CRUZ, F., GRAL. AV. Y VARELA AV.",AVENIDA,8,-58.43850413,-34.65554754,AUTO,8/29/2020,2020,8,29,PEATON,PEATON,MASCULINO,38
2020-0038,4,"LAS HERAS GENERAL AV. Y DIAZ, CNEL. AV.",AVENIDA,14,-58.40617526,-34.58345898,AUTO,8/30/2020,2020,8,30,CONDUCTOR,AUTO,MASCULINO,46
2020-0038,4,"LAS HERAS GENERAL AV. Y DIAZ, CNEL. AV.",AVENIDA,14,-58.40617526,-34.58345898,AUTO,8/30/2020,2020,8,30,CONDUCTOR,AUTO,MASCULINO,64
2020-0039,19,MURGUIONDO 2700,CALLE,9,-58.441664463445676,-34.61969973512046,CARGAS,9/1/2020,2020,9,1,PEATON,PEATON,MASCULINO,44
2020-0040,3,"CASTILLO, RAMON S., PRES. AV. Y CALLE 12",AVENIDA,2,-58.38526125,-34.5780581,OBJETO FIJO,9/12/2020,2020,9,12,CONDUCTOR,AUTO,MASCULINO,30
2020-0041,1,"CURAPALIGUE Y PERON, EVA AV.",AVENIDA,7,-58.4475047,-34.63491705,PASAJEROS,9/28/2020,2020,9,28,CONDUCTOR,MOTO,MASCULINO,34
2020-0042,17,"DIAZ, ANA Y SOLDADO DE LA FRONTERA AV.",AVENIDA,8,-58.46745752,-34.68192648,PASAJEROS,9/29/2020,2020,9,29,PEATON,PEATON,FEMENINO,53
2020-0043,17,"ALEM, LEANDRO N. AV. Y PARAGUAY",AVENIDA,1,-58.37202621,-34.59717942,PASAJEROS,9/30/2020,2020,9,30,PEATON,PEATON,MASCULINO,64
2020-0044,0,LA PLATA AV. E INDEPENDENCIA,AVENIDA,6,-58.42779702,-34.62207347,AUTO,10/5/2020,2020,10,5,CONDUCTOR,AUTO,MASCULINO,43
2020-0045,3,"PAZ, GRAL. AV. Y 27 DE FEBRERO AV.",GRAL PAZ,8,-58.46244952,-34.70524971,CARGAS,10/19/2020,2020,10,19,CONDUCTOR,AUTO,MASCULINO,50
2020-0046,21,"NAZCA AV. Y CARRANZA, ADOLFO P.",AVENIDA,11,-58.4844016,-34.60776782,MOTO,10/27/2020,2020,10,27,CONDUCTOR,MOTO,MASCULINO,41
2020-0047,14,AUTOPISTA CAMPORA ALTURA LACARRA AV.,AUTOPISTA,9,-58.46668375,-34.65174801,CARGAS,10/27/2020,2020,10,27,PEATON,PEATON,MASCULINO,15
2020-0048,20,DORREGO AV. 614,AVENIDA,15,-58.4495878,-34.59322448,OBJETO FIJO,10/29/2020,2020,10,29,CONDUCTOR,MOTO,MASCULINO,41
2020-0049,20,"DEL LIBERTADOR AV. Y RAMOS MEJIA, JOSE MARIA, DR. AV.",AVENIDA,1,-58.37533517,-34.59276462,AUTO,10/30/2020,2020,10,30,PEATON,PEATON,MASCULINO,36
2020-0050,22,SANTA FE AV. Y GODOY CRUZ,AVENIDA,14,-58.42525456,-34.57866344,MOTO,11/1/2020,2020,11,1,PEATON,PEATON,FEMENINO,28
2020-0051,0,AVELLANEDA AV. Y MERCEDES,AVENIDA,10,-58.48493828,-34.62981124,AUTO,11/5/2020,2020,11,5,CONDUCTOR,MOTO,MASCULINO,49
2020-0052,6,TUCUMAN Y PUEYRREDON AV.,AVENIDA,3,-58.40480504,-34.60183884,CARGAS,11/7/2020,2020,11,7,CICLISTA,BICICLETA,MASCULINO,44
2020-0053,3,"ALCORTA, AMANCIO AV. Y EINSTEIN, ALBERTO",AVENIDA,4,-58.41125934,-34.6541774,AUTO,11/9/2020,2020,11,9,PASAJERO_ACOMPAÑANTE,AUTO,MASCULINO,27
2020-0054,9,INCLAN Y ALBERTI,CALLE,4,-58.39956546,-34.6297708,AUTO,11/19/2020,2020,11,19,CICLISTA,BICICLETA,MASCULINO,59
2020-0055,12,OLAZABAL AV. 5437,AVENIDA,12,-58.49005682,-34.5786897,CARGAS,11/19/2020,2020,11,19,PEATON,PEATON,MASCULINO,91
2020-0056,13,"PAZ, GRAL. AV. Y DOCTOR RAMON CARRILLO",GRAL PAZ,8,-58.47064556,-34.69843756,CARGAS,11/21/2020,2020,11,21,CONDUCTOR,MOTO,FEMENINO,34
2020-0057,7,"NAZCA AV. Y VIALE, LUIS",AVENIDA,11,-58.4750156,-34.61945902,AUTO,11/23/2020,2020,11,23,PEATON,PEATON,MASCULINO,84
2020-0058,16,"OLIVERA AV. Y FALCON, RAMON L., CNEL.",AVENIDA,10,-58.48727942,-34.63652467,AUTO,11/24/2020,2020,11,24,PEATON,PEATON,MASCULINO,57
2020-0059,6,BRASIL 1100,CALLE,1,-58.3795169,-34.62794241,PASAJEROS,12/1/2020,2020,12,1,PEATON,PEATON,FEMENINO,49
2020-0060,20,"HOMERO Y PERON, EVA AV.",AVENIDA,9,-58.47750832,-34.65672199,MOTO,12/3/2020,2020,12,3,PEATON,PEATON,FEMENINO,69
2020-0061,14,"CANTILO, INT. Y UDAONDO, GUILLERMO AV.",AUTOPISTA,13,-58.44927253,-34.54048625,CARGAS,12/3/2020,2020,12,3,CONDUCTOR,MOTO,MASCULINO,45
2020-0062,17,MORENO 1845,CALLE,3,-58.39246272,-34.61253541,PASAJEROS,12/4/2020,2020,12,4,CICLISTA,BICICLETA,MASCULINO,47
2020-0063,7,NUEVA YORK Y ALTA GRACIA,CALLE,11,-58.52783814,-34.61047001,MOTO,12/5/2020,2020,12,5,PEATON,PEATON,MASCULINO,38
2020-0063,7,NUEVA YORK Y ALTA GRACIA,CALLE,11,-58.52783814,-34.61047001,MOTO,12/5/2020,2020,12,5,PASAJERO_ACOMPAÑANTE,MOTO,MASCULINO,21
2020-0065,16,"PAZ, GRAL. AV. Y GOYENECHE, ROBERTO PARQUE AV.",GRAL PAZ,12,-58.49332664,-34.54836855,AUTO,12/5/2020,2020,12,5,CONDUCTOR,MOTO,MASCULINO,24
2020-0066,4,AUTOPISTA PERITO MORENO ALTURA ESTACION DE TREN VILLA LURO,AUTOPISTA,10,-58.50178784,-34.63593897,OBJETO FIJO,12/7/2020,2020,12,7,CONDUCTOR,MOTO,MASCULINO,27
2020-0067,22,SAENZ AV. Y BEAZLEY,AVENIDA,4,-58.41657793,-34.65476216,PASAJEROS,12/11/2020,2020,12,11,PEATON,PEATON,MASCULINO,51
2020-0068,20,DEL LIBERTADOR AV. Y AUSTRIA,AVENIDA,2,-58.39731474,-34.58307887,AUTO,12/12/2020,2020,12,12,CONDUCTOR,MOTO,MASCULINO,71
2020-0069,5,"INDEPENDENCIA AV. Y SAENZ PEÑA, LUIS, PRES.",AVENIDA,1,-58.38746381,-34.61790839,PASAJEROS,12/15/2020,2020,12,15,PASAJERO_ACOMPAÑANTE,MOTO,MASCULINO,25
2020-0070,15,"CALLAO AV. Y LAS HERAS, GENERAL",AVENIDA,2,-58.39189441,-34.59176378,PASAJEROS,12/17/2020,2020,12,17,PEATON,PEATON,FEMENINO,81
2020-0071,23,SAN PEDRITO AV. Y DIRECTORIO AV.,AVENIDA,7,-58.46749188,-34.63551751,AUTO,12/17/2020,2020,12,17,PEATON,PEATON,MASCULINO,4
2020-0072,3,"JUJUY AV. Y CARLOS, CALVO",AVENIDA,3,-58.40280471,-34.62113271,AUTO,12/19/2020,2020,12,19,CICLISTA,BICICLETA,MASCULINO,42
2020-0073,7,27 DE FEBRERO AV. Y ESCALADA AV.,AVENIDA,8,-58.44451316,-34.68475866,OBJETO FIJO,12/20/2020,2020,12,20,CONDUCTOR,MOTO,MASCULINO,56
2020-0074,21,BOGOTA Y NAZCA AV.,AVENIDA,7,-58.47110424,-34.62742408,AUTO,12/20/2020,2020,12,20,CONDUCTOR,AUTO,MASCULINO,39
2020-0075,14,CORRIENTES AV. Y 9 DE JULIO AV.,AVENIDA,1,-58.38220928,-34.60373898,PASAJEROS,12/23/2020,2020,12,23,PEATON,PEATON,MASCULINO,23
2020-0076,12,ALVAREZ JONTE AV. Y CHIVILCOY,AVENIDA,10,-58.49794468,-34.61565025,PASAJEROS,12/24/2020,2020,12,24,CONDUCTOR,AUTO,FEMENINO,78
2020-0077,6,SAN MARTIN AV. Y PUNTA ARENAS,AVENIDA,15,-58.47220945,-34.60111373,AUTO,12/25/2020,2020,12,25,CONDUCTOR,MOTO,FEMENINO,30
2020-0077,6,SAN MARTIN AV. Y PUNTA ARENAS,AVENIDA,15,-58.47220945,-34.60111373,AUTO,12/25/2020,2020,12,25,PASAJERO_ACOMPAÑANTE,MOTO,FEMENINO,24
2020-0078,5,BARCO CENTENERA DEL 1118,CALLE,7,-58.43706741,-34.63217813,PASAJEROS,12/25/2020,2020,12,25,CICLISTA,BICICLETA,MASCULINO,26
2020-0079,4,"PAZ, GRAL. AV. Y ACCESO NORTE - PANAMERICANA",GRAL PAZ,12,-58.49332664,-34.54836855,OBJETO FIJO,12/27/2020,2020,12,27,CONDUCTOR,MOTO,MASCULINO,28
2021-0001,18,AU FRONDIZI KM. 3,AUTOPISTA,1,-58.37960727,-34.62622851,AUTO,1/6/2021,2021,1,6,CONDUCTOR,MOTO,MASCULINO,36
2021-0002,10,"CASTRO, EMILIO AV. Y MURGUIONDO",AVENIDA,9,-58.51061062,-34.64972472,CARGAS,1/7/2021,2021,1,7,CONDUCTOR,MOTO,FEMENINO,47
2021-0003,7,"AU 25 DE MAYO KM. 3,7",AUTOPISTA,7,-58.43052224,-34.62941648,OBJETO FIJO,1/10/2021,2021,1,10,CONDUCTOR,MOTO,MASCULINO,27
2021-0004,9,CASEROS AV. Y GUARANI,AVENIDA,5,-58.41455544,-34.63866836,CARGAS,1/11/2021,2021,1,11,PEATON,PEATON,FEMENINO,61
2021-0005,21,"PERON, EVA AV. 3800",AVENIDA,9,-58.46774439,-34.64730145,AUTO,1/11/2021,2021,1,11,PEATON,PEATON,MASCULINO,73
2021-0006,21,AU ILLIA y SARMIENTO AV.,AUTOPISTA,14,-58.40786274,-34.56726817,CARGAS,1/12/2021,2021,1,12,PASAJERO_ACOMPAÑANTE,MOTO,FEMENINO,23
2021-0007,10,DE LOS CONSTITUYENTES AV. Y GIRIBONE,AVENIDA,15,-58.48744301,-34.58622275,MOTO,1/18/2021,2021,1,18,CONDUCTOR,MOTO,MASCULINO,84
2021-0008,23,"SAENZ AV. Y RABANAL, FRANCISCO, INTENDENTE AV.",AVENIDA,4,-58.41657793,-34.65476216,PASAJEROS,1/22/2021,2021,1,22,PEATON,PEATON,MASCULINO,28
2021-0009,5,PAYSANDU Y GAONA,AVENIDA,6,-58.45351111,-34.61134937,OBJETO FIJO,1/23/2021,2021,1,23,CONDUCTOR,MOTO,MASCULINO,31
2021-0010,8,"PAZ, GRAL. AV. Y BALBIN, RICARDO, DR. AV. ",GRAL PAZ,12,-58.5007381,-34.5497951,AUTO,1/23/2021,2021,1,23,CONDUCTOR,MOTO,MASCULINO,28
2021-0011,1,SANTA FE AV. 1675,AVENIDA,2,-58.39144148,-34.59564871,AUTO,1/27/2021,2021,1,27,PEATON,PEATON,MASCULINO,21
2021-0012,20,AU DELLEPIANE Y GUAMINI,AUTOPISTA,8,-58.48191128,-34.68385968,AUTO,1/29/2021,2021,1,29,PEATON,PEATON,MASCULINO,30
2021-0013,6,"FALCON, RAMON L., CNEL. Y OLIVERA AV.",AVENIDA,10,-58.48727942,-34.63652467,OBJETO FIJO,1/31/2021,2021,1,31,CONDUCTOR,MOTO,MASCULINO,41
2021-0014,0,SAN MARTIN AV. Y NOGOYA,AVENIDA,15,-58.48328708,-34.59779521,AUTO,2/2/2021,2021,2,2,PEATON,PEATON,MASCULINO,28
2021-0015,3,SAN MARTIN AV. Y TINOGASTA,AVENIDA,15,-58.49018543,-34.5972499,OBJETO FIJO,2/6/2021,2021,2,6,CONDUCTOR,MOTO,MASCULINO,26
2021-0016,5,"FERNANDEZ DE LA CRUZ, F., GRAL. AV. Y DE LA TORRE, LISANDRO",AVENIDA,8,-58.47230127,-34.68482689,OBJETO FIJO,2/14/2021,2021,2,14,CONDUCTOR,AUTO,MASCULINO,22
2021-0017,4,SALTA Y CASEROS AV.,AVENIDA,1,-58.38262614,-34.63168269,PASAJEROS,2/17/2021,2021,2,17,CONDUCTOR,MOTO,MASCULINO,33
2021-0018,19,"JAURES, JEAN Y PERON, JUAN DOMINGO, TTE. GENERAL",CALLE,3,-58.41047268,-34.60793518,AUTO,2/20/2021,2021,2,20,PEATON,PEATON,MASCULINO,36
2021-0019,1,"TRIUNVIRATO AV. Y LARRALDE, CRISOLOGO AV.",AVENIDA,12,-58.49659234,-34.56353635,OBJETO FIJO,2/21/2021,2021,2,21,CONDUCTOR,MOTO,MASCULINO,30
2021-0020,15,POTOSI Y GASCON,CALLE,5,-58.42462955,-34.60727189,CARGAS,2/21/2021,2021,2,21,PEATON,PEATON,FEMENINO,30
2021-0021,5,"YRIGOYEN, HIPOLITO Y  24 DE NOVIEMBRE",CALLE,3,-58.41168345,-34.61185625,OBJETO FIJO,2/26/2021,2021,2,26,CONDUCTOR,MOTO,MASCULINO,39
2021-0022,12,DEL LIBERTADOR AV. Y ROOSEVELT FRANKLIN D.,AVENIDA,13,-58.45157681,-34.55217303,AUTO,2/28/2021,2021,2,28,PASAJERO_ACOMPAÑANTE,PASAJEROS,MASCULINO,68
2021-0023,9,"AU BUENOS AIRES LA PLATA  KM 4,5",AUTOPISTA,4,-58.441664463445676,-34.61969973512046,CARGAS,3/1/2021,2021,3,1,CONDUCTOR,MOTO,MASCULINO,24
2021-0024,16,"PERON, EVA AV. y PIEDRA BUENA AV",AVENIDA,9,-58.49573651,-34.67006054,CARGAS,3/3/2021,2021,3,3,CICLISTA,BICICLETA,MASCULINO,5
2021-0025,3,"PAZ, GRAL. AV. y DELLEPIANE, LUIS, TTE. GRAL",GRAL PAZ,8,-58.48695354,-34.68795245,OTRO,3/11/2021,2021,3,11,CONDUCTOR,MOTO,MASCULINO,37
2021-0026,2,"AU FRONDIZI ALTURA QUINQUELA MARTIN, BENITO",AUTOPISTA,4,-58.37562539,-34.64449357,OBJETO FIJO,3/15/2021,2021,3,15,CONDUCTOR,MOTO,MASCULINO,36
2021-0027,15,"PAZ, GRAL. AV. y DONADO",GRAL PAZ,12,-58.49491054,-34.54795581,CARGAS,3/16/2021,2021,3,16,CONDUCTOR,MOTO,FEMENINO,19
2021-0028,17,"COREA AV. y TORRES Y TENORIO, PRES",AVENIDA,7,-58.44147621,-34.64357704,PASAJEROS,3/29/2021,2021,3,29,PEATON,PEATON,MASCULINO,30
2021-0029,18,"FALCON, RAMON L., CNEL. Y SAN PEDRITO AV.",AVENIDA,7,-58.46899119,-34.63215432,AUTO,3/31/2021,2021,3,31,CONDUCTOR,AUTO,MASCULINO,26
2021-0030,18,FINOCHIETTO ENRIQUE DR. 1623,CALLE,4,-58.38685612,-34.63455776,PASAJEROS,4/3/2021,2021,4,3,PEATON,PEATON,MASCULINO,36
2021-0031,10,9 DE JULIO AV. E INDEPENDENCIA AV.,AVENIDA,1,-58.38113667,-34.61765323,CARGAS,4/7/2021,2021,4,7,PEATON,PEATON,FEMENINO,68
2021-0032,19,"AU CANTILO Y GUIRALDES, INT.",AUTOPISTA,13,-58.44112678,-34.54538956,MOTO,4/10/2021,2021,4,10,PEATON,PEATON,MASCULINO,60
2021-0033,17,AU 25 DE MAYO ALTURA BAJADA BOEDO AV.,AUTOPISTA,5,-58.41595919,-34.62743346,OBJETO FIJO,4/14/2021,2021,4,14,CONDUCTOR,AUTO,MASCULINO,33
2021-0034,14,"ALCORTA, AMANCIO AV. y ZAVALETA",AVENIDA,4,-58.40184094,-34.64546845,CARGAS,4/19/2021,2021,4,19,PASAJERO_ACOMPAÑANTE,MOTO,FEMENINO,26
2021-0035,9,"JANER, ANA MARIA Y LAFUENTE AV.",AVENIDA,8,-58.44642231,-34.65679806,CARGAS,5/3/2021,2021,5,3,CONDUCTOR,MOTO,MASCULINO,24
2021-0036,6,"PAZ, GRAL. AV. Y MOSCONI GENERAL AV.",GRAL PAZ,11,-58.52340614,-34.59798754,OBJETO FIJO,5/9/2021,2021,5,9,CONDUCTOR,MOTO,MASCULINO,36
2021-0037,7,"MONROE Y BALBIN, RICARDO, DR. AV.",AVENIDA,13,-58.46649069,-34.56219075,PASAJEROS,5/11/2021,2021,5,11,PEATON,PEATON,FEMENINO,58
2021-0038,11,"JUSTO, JUAN B. AV. Y SANTA FE AV.",AVENIDA,14,-58.42653328,-34.57816791,CARGAS,5/14/2021,2021,5,14,CONDUCTOR,MOTO,FEMENINO,44
2021-0039,12,"OLIDEN Y ALBERDI, JUAN BAUTISTA AV.",AVENIDA,9,-58.50407099,-34.65303372,AUTO,5/15/2021,2021,5,15,CICLISTA,BICICLETA,MASCULINO,86
2021-0040,5,"PAZ, GRAL. AV. Y DEL LIBERTADOR AV.",GRAL PAZ,13,-58.46743471,-34.53476874,AUTO,5/20/2021,2021,5,20,CONDUCTOR,MOTO,MASCULINO,27
2021-0041,8,DEL LIBERTADOR AV. Y CASARES AV.,AVENIDA,14,-58.40986646,-34.5772806,PASAJEROS,5/20/2021,2021,5,20,PEATON,PEATON,MASCULINO,75
2021-0042,5,RIVADAVIA AV. 10900,AVENIDA,9,-58.51739138,-34.63931792,PASAJEROS,5/21/2021,2021,5,21,PEATON,PEATON,MASCULINO,39
2021-0043,18,"ALBERDI, JUAN BAUTISTA AV. Y PILAR",AVENIDA,9,-58.50719962,-34.65556223,AUTO,5/22/2021,2021,5,22,PEATON,PEATON,MASCULINO,50
2021-0044,2,"PERON, EVA AV. Y ACOSTA, MARIANO",AVENIDA,9,-58.46712311,-34.64600222,OBJETO FIJO,5/25/2021,2021,5,25,PASAJERO_ACOMPAÑANTE,MOTO,MASCULINO,21
2021-0045,17,AU FRONDIZI Y SUAREZ AV.,AUTOPISTA,4,-58.37709334,-34.64035082,MULTIPLE,5/26/2021,2021,5,26,CONDUCTOR,MOTO,MASCULINO,22
2021-0046,2,EL CANO AV. Y GUZMAN AV.,AVENIDA,15,-58.46033141,-34.58569883,OBJETO FIJO,5/31/2021,2021,5,31,PASAJERO_ACOMPAÑANTE,AUTO,MASCULINO,20
2021-0047,16,"VEDIA, AGUSTIN DE Y RABANAL, FRANCISCO, INTENDENTE AV.",AVENIDA,4,-58.42190745,-34.65633192,AUTO,6/2/2021,2021,6,2,CONDUCTOR,MOTO,MASCULINO,59
2021-0048,9,CAPDEVILLA Y CONGRESO AV.,AVENIDA,12,-58.49026573,-34.5698141,AUTO,6/3/2021,2021,6,3,CICLISTA,BICICLETA,MASCULINO,44
2021-0049,20,"FERNANDEZ DE LA CRUZ, F., GRAL. AV. 4000",AVENIDA,8,-58.45410344,-34.66902702,AUTO,6/3/2021,2021,6,3,CONDUCTOR,AUTO,MASCULINO,74
2021-0050,13,DEL LIBERTADOR AV. 5958,AVENIDA,13,-58.44751621,-34.55719892,PASAJEROS,6/10/2021,2021,6,10,CONDUCTOR,MOTO,MASCULINO,56
2021-0051,19,27 DE FEBRERO AV. Y EREZCANO AV.,AVENIDA,4,-58.42040352,-34.66005171,CARGAS,6/15/2021,2021,6,15,PEATON,PEATON,MASCULINO,73
2021-0052,5,"PAZ, GRAL. AV. 14723",GRAL PAZ,8,-58.49530249,-34.68010798,OBJETO FIJO,6/20/2021,2021,6,20,PASAJERO_ACOMPAÑANTE,MOTO,FEMENINO,19
2021-0053,12,CORRIENTES AV. 5783,AVENIDA,15,-58.44399875,-34.5947736,BICICLETA,6/20/2021,2021,6,20,PEATON,PEATON,MASCULINO,58
2021-0054,14,TABARE Y EREZCANO,CALLE,4,-58.42759813,-34.65463857,CARGAS,6/22/2021,2021,6,22,CONDUCTOR,MOTO,MASCULINO,41
2021-0055,12,CORRIENTES AV. Y PUEYRREDOR AV.,AVENIDA,3,-58.40547222,-34.60456293,CARGAS,6/29/2021,2021,6,29,PASAJERO_ACOMPAÑANTE,MOTO,MASCULINO,47
2021-0056,23,"CORRALES Y MORENO, PERITO AV.",AVENIDA,4,-58.42473018,-34.6500828,AUTO,7/9/2021,2021,7,9,CICLISTA,BICICLETA,MASCULINO,60
2021-0057,23,"AU ILLIA KM 3.2, ALTURA CABINAS DE PEAJE",AUTOPISTA,2,-58.39257023,-34.57563957,OBJETO FIJO,7/10/2021,2021,7,10,CONDUCTOR,AUTO,MASCULINO,46
2021-0058,0,AV. GRAL. PAZ Y VEDIA,GRAL PAZ,12,-58.48941042,-34.54596153,AUTO,7/21/2021,2021,7,21,PEATON,PEATON,MASCULINO,24
2021-0059,1,"GARAY, JUAN DE AV. 2269",AVENIDA,3,-58.3964074,-34.62783085,OBJETO FIJO,7/22/2021,2021,7,22,PASAJERO_ACOMPAÑANTE,AUTO,FEMENINO,44
2021-0060,12,"SALGUERO, JERONIMO Y RIVADAVIA AV.",AVENIDA,5,-58.41971993,-34.6111224,PASAJEROS,7/22/2021,2021,7,22,PEATON,PEATON,FEMENINO,80
2021-0061,9,"MORENO, PERITO AV. Y ALCORTA, AMANCIO AV.",AVENIDA,4,-58.40544588,-34.65012801,CARGAS,7/24/2021,2021,7,24,PEATON,PEATON,FEMENINO,55
2021-0062,7,LA PLATA AV. 2723,AVENIDA,4,-58.42003882,-34.64645957,CARGAS,7/27/2021,2021,7,27,CONDUCTOR,AUTO,MASCULINO,73
2021-0063,4,"ALBERDI, JUAN BAUTISTA AV. 2906",AVENIDA,7,-58.46851293,-34.63348678,AUTO,8/2/2021,2021,8,2,PASAJERO_ACOMPAÑANTE,AUTO,FEMENINO,31
2021-0064,20,"PAZ, GRAL. AV. Y TONELERO",GRAL PAZ,9,-58.52931141,-34.65422917,CARGAS,8/2/2021,2021,8,2,PEATON,PEATON,MASCULINO,37
2021-0065,8,Av. SAN JUAN Y AV. LA PLATA,AVENIDA,6,-58.42675754,-34.6269973,PASAJEROS,8/6/2021,2021,8,6,PEATON,PEATON,FEMENINO,63
2021-0066,20,Av. LOPE DE VEGA Y AV. GRAL. PAZ,AVENIDA,11,-58.52933723,-34.61098186,PASAJEROS,8/6/2021,2021,8,6,PEATON,PEATON,MASCULINO,59
2021-0067,9,"AU FRONDIZI KM 2,9 (ALTURA BRASIL)",AUTOPISTA,1,-58.37910943,-34.62764718,OBJETO FIJO,8/8/2021,2021,8,8,CONDUCTOR,MOTO,MASCULINO,27
2021-0068,6,"BEIRO, FRANCISCO AV. 5071",AVENIDA,11,-58.52161176,-34.61164474,OBJETO FIJO,8/15/2021,2021,8,15,CONDUCTOR,MOTO,MASCULINO,39
2021-0069,17,AV. SANTA FE 3428,AVENIDA,14,-58.41354692,-34.5869768,AUTO,8/20/2021,2021,8,20,PEATON,PEATON,MASCULINO,17
2021-0070,8,"CHILAVERT, MARTINIANO, CORONEL Y VARELA AV.",AVENIDA,8,-58.43960781,-34.65470804,CARGAS,8/28/2021,2021,8,28,CONDUCTOR,MOTO,MASCULINO,31
2021-0071,16,SAN LUIS 2730,CALLE,3,-58.4045461,-34.60003693,MOTO,8/31/2021,2021,8,31,PEATON,PEATON,MASCULINO,88
2021-0072,19,CALLAO AV. Y PARAGUAY,AVENIDA,2,-58.39303911,-34.59871111,AUTO,9/1/2021,2021,9,1,PEATON,PEATON,FEMENINO,57
2021-0073,12,"DEL LIBERTADOR AV. Y AGOTE, LUIS DR.",AVENIDA,2,-58.39391034,-34.58405348,AUTO,9/18/2021,2021,9,18,CICLISTA,BICICLETA,FEMENINO,76
2021-0074,15,"PAZ, GRAL. AV. Y BALBIN, RICARDO, DR. AV.",GRAL PAZ,12,-58.5007381,-34.5497951,MULTIPLE,9/20/2021,2021,9,20,CONDUCTOR,MOTO,MASCULINO,55
2021-0075,14,SALTA Y BRASIL,CALLE,1,-58.38281301,-34.62786038,CARGAS,9/21/2021,2021,9,21,PEATON,PEATON,MASCULINO,65
2021-0076,6,"MORENO, PERITO AV. 2152",AVENIDA,7,-58.43980799,-34.65094083,OBJETO FIJO,10/16/2021,2021,10,16,CONDUCTOR,MOTO,MASCULINO,31
2021-0077,7,DIRECTORIO AV. 1169,AVENIDA,6,-58.44402387,-34.62933109,CARGAS,10/18/2021,2021,10,18,CONDUCTOR,MOTO,FEMENINO,31
2021-0078,6,INDEPENDENCIA AV. Y LA PLATA AV.,AVENIDA,6,-58.42779702,-34.62207347,PASAJEROS,10/23/2021,2021,10,23,CONDUCTOR,MOTO,MASCULINO,22
2021-0079,3,TUCUMAN 3112,CALLE,3,-58.40944147,-34.60097942,AUTO,10/25/2021,2021,10,25,PEATON,PEATON,MASCULINO,30
2021-0080,16,ARENALES Y 9 DE JULIO AV.,AVENIDA,1,-58.38277479,-34.5943016,AUTO,10/28/2021,2021,10,28,CONDUCTOR,MOTO,MASCULINO,32
2021-0081,13,AU FRONDIZI SUBIDA BRANDSEN,AUTOPISTA,4,-58.37627355,-34.63800916,CARGAS,11/2/2021,2021,11,2,CONDUCTOR,MOTO,MASCULINO,26
2021-0082,4,AU 25 DE MAYO KM7 (ALTURA PASCO),AUTOPISTA,3,-58.39591856,-34.62453459,AUTO,11/6/2021,2021,11,6,CONDUCTOR,MOTO,MASCULINO,38
2021-0083,0,CABILDO AV. Y OLAZABAL,AVENIDA,13,-58.45829717,-34.56015762,AUTO,11/9/2021,2021,11,9,CONDUCTOR,MOTO,MASCULINO,30
2021-0084,3,TAPALQUE Y BRUIX AV.,AVENIDA,9,-58.49142611,-34.64584795,OBJETO FIJO,11/11/2021,2021,11,11,CONDUCTOR,AUTO,MASCULINO,32
2021-0085,18,"PAZ, GRAL. AV. Y EZEIZA",GRAL PAZ,12,-58.51271409,-34.57786555,OBJETO FIJO,11/20/2021,2021,11,20,CONDUCTOR,MOTO,MASCULINO,49
2021-0086,10,RIVADAVIA AV. Y PUAN,AVENIDA,6,-58.44864864,-34.62352826,PASAJEROS,11/25/2021,2021,11,25,PEATON,PEATON,MASCULINO,75
2021-0087,11,ESMERALDA 1359,CALLE,1,-58.37795815,-34.59167894,BICICLETA,11/27/2021,2021,11,27,PEATON,PEATON,FEMENINO,73
2021-0088,15,AV. MOROE Y 3 DE FEBRERO,CALLE,13,-58.45531707,-34.55555257,AUTO,12/1/2021,2021,12,1,CONDUCTOR,MOTO,MASCULINO,45
2021-0089,1,AV. GAONA 3655,AVENIDA,11,-58.47633683,-34.62140594,AUTO,12/2/2021,2021,12,2,CONDUCTOR,MOTO,MASCULINO,41
2021-0090,11,AV. 9 DE JULIO Y LAVALLE,AVENIDA,1,-58.38188582,-34.60256036,PASAJEROS,12/10/2021,2021,12,10,PEATON,PEATON,MASCULINO,73
2021-0091,23,BAIGORRIA Y VICTOR HUGO,CALLE,10,-58.51989389,-34.62284918,AUTO,12/11/2021,2021,12,11,CONDUCTOR,MOTO,MASCULINO,24
2021-0092,6,AV. RIVADAVIA Y AV. PUEYRREDON,AVENIDA,3,-58.4059686,-34.61011987,AUTO,12/12/2021,2021,12,12,PEATON,PEATON,FEMENINO,50
2021-0093,17,AV. RIESTRA Y MOM,AVENIDA,7,-58.43353773,-34.64561636,AUTO,12/13/2021,2021,12,13,PASAJERO_ACOMPAÑANTE,MOTO,FEMENINO,18
2021-0094,1,AU DELLEPIANE Y LACARRA,AUTOPISTA,9,-58.46739825,-34.65117757,AUTO,12/20/2021,2021,12,20,PASAJERO_ACOMPAÑANTE,MOTO,FEMENINO,43
2021-0095,0,AV. GAONA Y TERRADA,AVENIDA,11,-58.47293407,-34.61984745,CARGAS,12/30/2021,2021,12,30,CONDUCTOR,MOTO,MASCULINO,27
2021-0096,10,AV. EVA PERON 4071,AVENIDA,9,-58.47066794,-34.65021673,CARGAS,12/15/2021,2021,12,15,CONDUCTOR,AUTO,MASCULINO,60
2021-0097,6,PADRE CARLOS MUJICA 709,CALLE,1,-58.37976155,-34.58679619,AUTO,11/18/2021,2021,11,18,CICLISTA,BICICLETA,MASCULINO,53
